Origem;Título;Palestrante;Free;Tradução;Interpretação;Revisão;Ferramentas;Geral;Língua;Cuidados;Redes Sociais;Dublagem;Legendagem;Literária;Jogos;Jurídica;Médica;Técnica;Cursos;Links
1ª PAL. DE 2021;Tradução de musicais;Victor Mühlethaler;;x;;;;;;;;x;;;;;;;;https://translators101.com.br/video/traducao-musicais-victor/
CULT-Estácio;Tradução de textos da área médica: uma receita de sucesso;Ana Julia Perrotti;x;x;;;;;;;;;;;;;x;;;https://translators101.com.br/video/traducao-textos-medicos-cult/
CULT-Estácio;Como se especializar em tradução audiovisual;César Alarcón;x;x;;;;;;;;x;x;;;;;;;https://translators101.com.br/video/traducao-audiovisual-cesar-alarcon/
CULT-Estácio;Localização em marketing: mais do que apenas criatividade;Juliana Lima;x;x;;;;x;;;;;;;;;;;;https://translators101.com.br/video/localizacao-marketing-juliana-lima/
CULT-Estácio;A importância da especialização na tradução da área médica;Luciana Bonancio;x;x;;;;;;;;;;;;;x;;;https://translators101.com.br/video/especializacao-traducao-medica/
Curso SDL Studio;Parte 1;BabelDGT;;x;;;;;;;;;;;;;;;x;https://translators101.com.br/video/curso-oficial-de-sdl-studio/
Curso SDL Studio;Parte 2;BabelDGT;;x;;;;;;;;;;;;;;;x;https://translators101.com.br/video/curso-oficial-de-sdl-studio-parte-2/
Curso SDL Studio;Intermediário;BabelDGT;;x;;;;;;;;;;;;;;;x;https://translators101.com.br/video/curso-de-sdl-studio-intermediario/
Dica;Pausa;Renata Cassemiro;;x;x;;;x;;x;;;;;;;;;;https://translators101.com.br/video/pausa-renata-cassemiro/
Dica;Celular;Renata Cassemiro;;x;x;;;x;;x;;;;;;;;;;https://translators101.com.br/video/celular-renata-cassemiro/
Dica;Monitor;Renata Cassemiro;;x;x;;;x;;x;;;;;;;;;;https://translators101.com.br/video/monitor-renata-cassemiro/
Dica;Alongamento;Renata Cassemiro;;x;x;;;x;;x;;;;;;;;;;https://translators101.com.br/video/alongamento-renata-cassemiro/
Especial;Precisamos falar sobre investimentos;Isabela Fontanella;x;x;x;;x;x;;;;;;;;;;;x;https://translators101.com.br/video/investimentos-para-tradutores/
Especial;Como planejar uma boa aposentadoria;Isabela Fontanella;x;;;;;;;;;;;;;;;;x;https://translators101.com.br/video/planejar-aposentadoria-tradutor/
Especial finanças;Organizando sua vida financeira;Isabela Fontanella;x;x;x;;x;x;;;;;;;;;;;x;https://translators101.com.br/video/organizar-vida-financeira-tradutor/
Especial ITD 2020;Marketing pessoal e negociação para tradutores;André Ribeiro;;x;x;;x;x;;;;;;;;;;;;https://translators101.com.br/video/especial-itd-2020-marketing-pessoal-e-negociac%cc%a7a%cc%83o-para-tradutores/
Especial ITD 2020;T101 explica WordFast;Daniel Estill;x;x;;;x;x;;;;;;;;;;;x;https://translators101.com.br/video/especial-itd-2020-t101-explica-wordfast/
Especial ITD 2020;Mais organização e produtividade? Tecnologia é a resposta!;Fernanda Rocha;;x;x;;x;x;;;;;;;;;;;;https://translators101.com.br/video/especial-itd-2020-mais-organizac%cc%a7a%cc%83o-e-produtividade_-tecnologia-e-a-resposta/
Especial ITD 2020;Lançamento do PED4TI;Gilson Mattos;x;x;x;;;x;;;;;;;;;;;;https://translators101.com.br/video/como-nasce-um-dicionario-ped4ti/
Especial ITD 2020;O mundo não te odeia;Kelly Elizeu;;x;x;;;x;;;;;;;;;;;;https://translators101.com.br/video/especial-itd-2020-kelly-elizeu/
Especial ITD 2020;Tradução científica: trajetória, especialização e peculiaridades;Laurieny e Marina;;x;;;;x;x;;;;;;;;;;;https://translators101.com.br/video/traducao-cientifica-especial-itd-2020/
Especial ITD 2020;T101 explica XBench;Mitsue Siqueira;x;x;;;x;x;;;;;;;;;;;x;https://translators101.com.br/video/o-que-e-xbench/
Especial ITD 2020;O tradutor para dublagem, o texto traduzido e o estúdio;Paulo Noriega;;x;;;;;;;;x;;;;;;;;https://translators101.com.br/video/o-tradutor-para-dublagem-o-texto-traduzido-e-o-estudio-especial-itd-2020/
Especial ITD 2020;T101 explica SDL Studio;SDL - Babel;x;x;;;x;x;;;;;;;;;;;x;https://translators101.com.br/video/o-que-e-sdl-studio/
Especial ITD 2020;T101 explica memoQ;Val Ivonica;x;x;;;x;x;;;;;;;;;;;x;https://translators101.com.br/video/o-que-e-memoq/
Especial ITD 2023;Como traduzir sem perder tempo com pesquisas;Ascanio Roquette;x;;;;x;;;;;;;;;;;;;https://translators101.com.br/video/especial-itd-2023-ascanio-roquette/
Especial ITD 2023;Golpes: é possível se prevenir?;Francine Oliveira;x;;;;;x;;;;;;;;;;;;https://translators101.com.br/video/golpes-e-possivel-se-prevenir-especial-itd-2023/
Especial ITD 2023;Tradução X Versão Brasileira: diferenças e importância do seu texto no dia a dia dos profissionais de dublagem;Leo Pinheiro;x;;;;;;;;;x;;;;;;;;https://translators101.com.br/video/traducao-x-versao-brasileira-especial-itd-2023/
Especial ITD 2023;Técnicas de pesquisa para tradutores;Raphael Corrêa;x;;;;x;;;;;;;;;;;;;https://translators101.com.br/video/tecnicas-de-pesquisa-para-tradutores-especial-itd-2023/
EXCLUSIVO;A tradução de musicais;Mariana Elisabetsky;;x;;;;;;;;x;;;;;;;;
EXCLUSIVO;Provas de certificação da Abrates;Ricardo Souza;;x;;;;x;;;;;;;;;;;;
i2B;O que leva a uma carreira bem-sucedida na tradução?;William Cassemiro;x;x;;;;x;;;;;;;;;;;;https://translators101.com.br/video/carreira-em-traducao/
IOGA;Cuidados com face, ombros, braços, mãos e cadeira;Mariana Paz;;x;x;;;x;;x;;;;;;;;;;https://translators101.com.br/video/cuidados-com-face-ombros-bracos-e-maos-cadeira-ioga/
LBM Week;LEGENDAGEM EM INGLÊS: ESTUDO DE CASO DE OLHAR DE CÃO;Guilherme Gama;;x;;;;;;;;;x;;;;;;;https://translators101.com.br/video/lbm-week-guilherme-gama/
LBM Week;TAV+ PÓS: ESTUDO DE CASO DE FRONTEIRAS DO PENSAMENTO;Ivan M. Franco;;x;;;;;;;;;x;;;;;;;https://translators101.com.br/video/lbm-week-ivan-m-franco/
LBM Week;LBM ACADEMY: A ESCOLA DAS RATARIAS DA TRADUÇÃO AUDIOVISUAL;Ligia Fragano Sobral;;x;;;;;;;;x;x;;;;;;;https://translators101.com.br/video/lbm-week-ligia-sobral-fragano/
LBM Week;LEGENDAGEM: ESTUDO DE  CASO DE “AS GOLPISTAS”;Paula Barreto;;x;;;;;;;;;x;;;;;;;https://translators101.com.br/video/lbm-week-paula-barreto/
LBM Week;PEQUENAS EMPRESAS DE TAV, GRANDES NEGÓCIOS;Tatiana Sobral;;x;;;;;;;;x;x;;;;;;;https://translators101.com.br/video/lbm-week-tatiana-sobral/
Live sobre normas;Normas ISO/NBR para Tradução e Interpretação: e agora?;Lívia Cais e Ricardo Souza;;x;x;;x;x;;;;;;;;;;;;https://translators101.com.br/video/live-normas-isonbr-para-traducao-e-interpretacao-e-agora/
Maratona;Os melhores clientes esperam por você no LinkedIn;André Ribeiro;x;x;x;;;x;;;x;;;;;;;;;https://translators101.com.br/video/linkedin-para-tradutores/
Maratona;Negociação avançada — Palestra atualizada;André Ribeiro;x;x;x;;;x;;;;;;;;;;;;https://translators101.com.br/video/negociacao-para-tradutores/
Maratona;"Congresso não é só palestra; tenha uma mente empresária — Comportamentos, atitudes e estratégias em eventos profissionais";André Ribeiro;x;x;x;;;x;;;x;;;;;;;;;https://translators101.com.br/video/congresso-para-tradutores/
Maratona;Transcriação (tradução criativa) — O que os clientes realmente querem do tradutor;André Ribeiro;x;x;;;;x;x;;;;;;;;;;;https://translators101.com.br/video/o-que-e-transcriacao/
Meditação;Aula de meditação;Sofia Pulici;;x;x;;;x;;x;;;;;;;;;;https://translators101.com.br/video/meditacao-sofia-pulici/
Mesa-redonda;A tradução literária hoje: desafios de entrada, permanência e viabilidade;Guilherme, Ivar, Lenita, Paulo, Petê e Regiane;x;;;;;;;;;;;;;;;;;https://translators101.com.br/video/mesa-redonda-itd-2023/
Movimentos conscientes;Prática de movimentos conscientes;Sofia Pulici;;x;x;;;x;;x;;;;;;;;;;https://translators101.com.br/video/movimentos-conscientes-sofia-pulici/
Oficina;Oficina de tradução de HQs;Carol Pimentel;;x;;;;;x;;;;;;;;;;x;https://translators101.com.br/video/oficina-de-traducao-de-hqs-oficina/
Oficina;Tradução e edição de literatura especulativa: estudo de casos;Giovana Bomentre;;x;;;;x;x;;;;;x;;;;;;https://translators101.com.br/video/oficina-traduc%cc%a7a%cc%83o-e-edic%cc%a7a%cc%83o-de-literatura-especulativa-gi-bomentre/
Oficina;Oficina de tradução de jogos de tabuleiro;Ivar Jr. e Luciana Boldorini;;;;;;;;;;;;;;;;;;
Oficina;PDI – Plano de Desenvolvimento Individual - Parte 1;Patrícia Loreto e Luciana Bonancio;;x;x;;x;x;;;;;;;;;;;x;https://translators101.com.br/video/oficina-pdi-parte-1/
Oficina;PDI – Plano de Desenvolvimento Individual - Parte 2;Patrícia Loreto e Luciana Bonancio;;x;x;;x;x;;;;;;;;;;;x;https://translators101.com.br/video/oficina-pdi-parte-2/
Oficina;Aula prática de tradução/localização de texto de turismo e viagem;Sofia Pulici;;x;x;;;;;;;;;;;;;;;https://translators101.com.br/video/aula-pratica-sofia-pulici/
Oficina;Quanto vale meu trabalho?;William Cassemiro;x;x;x;;x;x;;;;;;;;;;;;https://translators101.com.br/video/como-cobrar-uma-traducao/
Oficina de SE;Oficina de SE (Parte 1);Laila Compan;;;;;;;;;;;;;;;;;;
Oficina de SE;Oficina de SE (Parte 2);Laila Compan;;;;;;;;;;;;;;;;;;
OFICINAS;LinkedIn (parte 1);Karine Souto;;x;x;;;x;;;x;;;;;;;;x;https://translators101.com.br/video/oficina-de-linkedin-karine-souto-parte-1/
OFICINAS;LinkedIn (parte 2);Karine Souto;;x;x;;;x;;;x;;;;;;;;x;https://translators101.com.br/video/oficina-de-linkedin-karine-souto-parte-2/
PUC-Rio e Translators101;Mesa da interpretação;Denise de Vasconcelos Araujo, Anna Vianna e Livia Cais;;;x;;;x;;;;;;;;;;;;https://translators101.com.br/video/mesa-sobre-interpretacao/
PUC-Rio e Translators102;Mesa da tradução;Luiza Ferreira, Ana Beatriz e Rebeca Bolite ;;x;;;;x;;;;;;;;;;;;https://translators101.com.br/video/mesa-sobre-traducao/
Respiração consciente;Prática de respiração consciente;Sofia Pulici;;x;x;;;x;;x;;;;;;;;;;https://translators101.com.br/video/respiracao-consciente-sofia-pulici/
S01E01;Tradução de histórias em quadrinhos e o mercado mainstream no Brasil;Carol Pimentel;;x;;;;;;;;;;;;;;;;https://translators101.com.br/video/s01e01-palestra-carol-pimentel/
S01E01;Treine como um atleta: dicas para o tradutor autodidata;Isa Mara Lando;;x;x;;;x;x;;;;;;;;;;;https://translators101.com.br/video/s01e01-treine-como-um-atleta_-dicas-para-o-tradutor-autodidata-isa-mara-lando/
S01E01;Small step or giant leap?;Ulisses Wehby de Carvalho;;;x;;;;;;;;;;;;;;;https://translators101.com.br/video/s01e01-ulisses-wehby-de-carvalho/
S01E01;Abertura do primeiro evento da Translators101;William Cassemiro;;;;;;;;;;;;;;;;;;https://translators101.com.br/video/abertura-do-primeiro-evento-da-translators101-s01e01/
S01E02;No tempo da tradução a lenha;Lenita Pisetta;;x;;;;;;;;;;x;;;;;;https://translators101.com.br/video/s01e02-paula-ianelli/
S01E02;A naturalidade e o tradutor do futuro;Paula Ianelli;;x;x;;;x;x;;;;;;;;;;;https://translators101.com.br/video/s01e02-lenita-esteves/
S01E02;A tradução da animação (Des)encanto: muitos aprendizados (e um pouco de rebeldia);Paulo Noriega;;x;;;;;;;;x;;;;;;;;https://translators101.com.br/video/s01e02-paulo-noriega/
S02E01;Dos livros lidos aos livros traduzidos;Carolina Caires Coelho e Petê Rissatti;;x;;;;;;;;;;x;;;;;;https://translators101.com.br/video/s02e01-carol-coelho-e-pete%cc%82-rissatti/
S02E01;Primeiros passos na tradução literária;Cláudia Mello Belhassof;;x;;;;;;;;;;x;;;;;;https://translators101.com.br/video/s02e01-claudia-belhassof/
S02E02;Aposte no visual!;Carolina Walliter;;x;x;;x;x;;;;;;;;;;;;https://translators101.com.br/video/s02e02-aposte-no-visual-carolina-walliter/
S02E02;She-ra e as Princesas do Poder;Deborah Cornélio;;x;;;;;;;;x;x;;;;;;;https://translators101.com.br/video/s02e02-she-ra-e-as-princesas-do-poder-deborah-cornelio/
S02E02;Postura profissional de um tradutor;Laila Compan;;x;x;;;x;;;;;;;;;;;;https://translators101.com.br/video/s02e02-postura-profissional-de-um-tradutor-laila-compan/
S02E03;A Tradução para a dublagem brasileira;Dilma Machado;;x;;;;;;;;x;;;;;;;;https://translators101.com.br/video/s02e03-a-traduc%cc%a7a%cc%83o-para-a-dublagem-brasileira-dilma-machado/
S02E03;Cinco tipos diferentes de tradução;Eneide Moreira;;x;;;;x;;;;;;;;;;;;https://translators101.com.br/video/s02e03-cinco-tipos-diferentes-de-traduc%cc%a7a%cc%83o-eneide-moreira/
S02E03;Assim diz a legenda;Luiz Fernando Alves;;x;;;;;;;;;x;;;;;;;https://translators101.com.br/video/s02e03-diz-a-legenda-luiz-fernando-alves/
S02E04;Tradução para dublagem de cinema;Bianca da Costa;;x;;;;;;;;x;;;;;;;;https://translators101.com.br/video/s02e04-traduc%cc%a7a%cc%83o-para-dublagem-de-cinema-bianca-da-costa/
S02E04;Treine como um atleta 2: mais dicas para o tradutor autodidata;Isa Mara Lando;;x;x;;;x;x;;;;;;;;;;;https://translators101.com.br/video/s02e04-treine-como-um-atleta-2-isa-mara-lando/
S02E04;Singularidades da tradução de idiomas raros;Robson Ortlibas;;x;;;;x;;;;;x;;;;;;;https://translators101.com.br/video/s02e04-singularidades-da-traduc%cc%a7a%cc%83o-de-idiomas-raros-robson-ortlibas/
S02E05;Desvendando o Proz;Fernanda Rocha;;x;x;;x;;;;x;;;;;;;;;https://translators101.com.br/video/s02e05-desvendando-o-proz-com-fernanda-rocha/
S02E06;Interpretação: a vida real;Adriana Machado;;;x;;;x;;;;;;;;;;;;https://translators101.com.br/video/s02e06-interpretac%cc%a7a%cc%83o_-a-vida-real-adriana-machado/
S02E06;Transcreation 101;Ana Carolina Ribeiro;;x;;;;x;x;;;;;;;;;;;https://translators101.com.br/video/s02e06-transcreation-101-ana-ribeiro-olson/
S02E06;Abordagem a agências pelo LinkedIn;André Ribeiro;;x;x;;;x;;;x;;;;;;;;;https://translators101.com.br/video/s02e06-abordagem-a-age%cc%82ncias-pelo-linkedin-andre-ribeiro/
S02E06;As escolhas do gerente de projetos;Bruno Fontes;;x;;;;x;;;;;;;;;;;;https://translators101.com.br/video/s02e06-as-escolhas-do-gerente-de-projetos-bruno-fontes/
S02E06;Desafios e percalços de tradutores iniciantes nas agências de tradução;Mitsue Siqueira;;x;;;;x;;;;;;;;;;;;https://translators101.com.br/video/s02e06-desafios-e-percalc%cc%a7os-de-tradutores-iniciantes-nas-age%cc%82ncias-de-traduc%cc%a7a%cc%83o-mitsue-siqueira/
S03E01;A culinária em legendas;Carolina Selvatici;;x;;;;;;;;;x;;;;;;;https://translators101.com.br/video/s03e01-a-culinaria-em-legendas-carolina-selvatici/
S03E03;Entendendo a tributação;Luidg Quitete;x;x;x;;x;x;;;;;;;;;;;;https://translators101.com.br/video/contabilidade-para-tradutores/
S03E04;Autogestão para tradutores;Mariana Gualano;;;;;x;x;;;;;;;;;;;;https://translators101.com.br/video/s03e04-autogesta%cc%83o-para-tradutores-mariana-gualano/
S03E05;A linguagem LGBTQIA+ na tradução para dublagem;Marum Reis;;x;x;;;x;x;;;;;;;;;;;https://translators101.com.br/video/s03e05-a-linguagem-lgbtqia-na-traduc%cc%a7a%cc%83o-para-dublagem-marun-reis/
S03E06;Regex for dummies: como começar a usar expressões regulares;Reginaldo Francisco;;x;;;x;x;;;;;;;;;;;;https://translators101.com.br/video/s03e06-regex-for-dummies_-como-comec%cc%a7ar-a-usar-expresso%cc%83es-regulares-reginaldo-francisco/
S03E07;Interpretação no Oscar;Anna Vianna;;;x;;;x;;;;;;;;;;;;https://translators101.com.br/video/s03e07-interpretac%cc%a7a%cc%83o-no-oscar-anna-vianna/
S03E08;Tradutores formados, informados e desenformados. Nossos muitos caminhos;Daniel Estill;;x;;;;x;;;;;;;;;;;;https://translators101.com.br/video/tradutores-formados-informados-e-desenformados-nossos-muitos-caminhos-s03e08/
S03E09;Falsos cognatos e decalques na tradução médica inglês>português;Juliana Samel;;x;x;;;;x;;;;;;;;x;;;https://translators101.com.br/video/s03e09-falsos-cognatos-e-decalques-na-traduc%cc%a7a%cc%83o-medica-ingle%cc%82s_portugue%cc%82s-juliana-samel/
S03E10;Tradução de games? É muito simples! #sqn;Val Ivonica;;x;;;;;;;;;;;x;;;;;https://translators101.com.br/video/s03e10-traduc%cc%a7a%cc%83o-de-games_-e-muito-simples-sqn-val-ivonica/
S03E11;Os desafios da interpretação nos eventos esportivos;Rosita Belinky;;;x;;;x;;;;;;;;;;;;https://translators101.com.br/video/s03e11-rosita-belinky/
S03E12;CAT Tools e Machine Translations: discutindo a relação;Jorge Davidson;;x;;;x;x;;;;;;;;;;x;;https://translators101.com.br/video/s03e12-jorge-davidson/
S03E13;Experiência com tradução jurídica do gênero contrato;Alessandra e Carlos Harmel;;x;x;;;;;;;;;;;x;;;;https://translators101.com.br/video/s03e13-alessandra-e-carlos-eduardo-harmel/
S03E14;O tradutor nômade digital;Carmen Reis;;x;;;;x;;;;;;;;;;;;https://translators101.com.br/video/s03e14-carmen-reis/
S03E15;Tradutor como empreendedor: da criação de marca ao relacionamento com o cliente;Caroline Alberoni;;x;;;;x;;;x;;;;;;;;;https://translators101.com.br/video/tradutor-como-empreendedor-da-criacao-de-marca-ao-relacionamento-com-o-cliente-s03e15/
S03E16;Tempos verbais e suas especificidades nas versões de artigos científicos para o inglês;Gilson Mattos;;x;;;;x;x;;;;;;;;x;;;https://translators101.com.br/video/tempos-verbais-e-suas-especificidades-nas-versoes-de-artigos-cientificos-para-o-ingles-s03e16/
S03E17;Como usar ferramentas de corpus para dar mais naturalidade ao seu texto;Daniel Erlich;;x;;;x;x;x;;;;;;;;;x;;https://translators101.com.br/video/s03e17-como-usar-ferramentas-de-corpus-para-dar-mais-naturalidade-ao-seu-texto-daniel-erlich/
S03E18;Tradução de videogames: o ponto de vista do tradutor;Michel Teixeira;;x;;;;;;;;;;;x;;;;;https://translators101.com.br/video/traducao-de-videogames-o-ponto-de-vista-do-tradutor-s03e18/
S03E19;SDL Studio: primeiros passos;Cristiane Tribst;;x;;;x;x;;;;;;;;;;;;https://translators101.com.br/video/s03e19-cristiane-tribst/
S03E20;10 anos traduzindo de tudo. Minha carreira na VICE Brasil;Marina Schnoor;;x;;;;x;;;;;;;;;;;;https://translators101.com.br/video/10-anos-traduzindo-de-tudo-minha-carreira-na-vice-brasil-s03e20/
S03E21;Como conciliar as carreiras de tradutor e intérprete;Marsel de Souza;;x;x;;;x;;;;;;;;;;;;https://translators101.com.br/video/como-conciliar-as-carreiras-de-tradutor-e-interprete-s03e21/
S03E22;Como traduzir a Terra-média;Reinaldo José Lopes;;x;;;;;;;;;;x;;;;;;https://translators101.com.br/video/s03e22-reinaldo-jose-lopes/
S03E23;Amigos, amigos, trabalhos à parte: o trabalho com colegas contratantes;Daniele Fonseca;;x;x;;;x;;;;;;;;;;;;https://translators101.com.br/video/s03e23-daniele-fonseca/
S03E24;AMA (Ask me anything) sobre localização de jogos!;Paula Ianelli;;x;;;;;;;;;;;x;;;;;https://translators101.com.br/video/s03e24-ama-ask-me-anything-sobre-localizac%cc%a7a%cc%83o-de-jogos-paula-ianelli/
S03E25;Profissão tradutor/intérprete de Libras - trajetórias e formação;Paloma Bueno;;x;x;;;;;;;;;;;;;;;https://translators101.com.br/video/s03e25-profissa%cc%83o-tradutor_interprete-de-libras-trajetorias-e-formac%cc%a7a%cc%83o-paloma-bueno/
S03E26;Ask me anything sobre legendagem;Leilane Papa;;x;;;;;;;;;x;;;;;;;https://translators101.com.br/video/s03e26-ask-me-anything-sobre-legendagem-leilane-papa/
S03E27;Traduzindo para a cena;Cláudia Cruz;;x;;;;x;;;;;;;;;;;;https://translators101.com.br/video/traduzindo-para-a-cena-s03e27/
S03E28;Cobrança e negociação para tradutores;Simone Resende;;x;x;;x;x;;;;;;;;;;;;https://translators101.com.br/video/s03e28-simone-resende/
S03E29;Tradução de literatura infantil e infanto-juvenil: un plus a mais;Andréia Manfrin Alves;;x;;;;;;;;;;x;;;;;;https://translators101.com.br/video/s03e29-traduc%cc%a7a%cc%83o-de-literatura-infantil-e-infanto-juvenil_-un-plus-a-mais-andreia-manfrin/
S03E30;Tradução no esporte ou esporte na tradução?;Ulisses de Carvalho e Jayme Pinto;;x;x;;;x;;;;;;;;;;;;https://translators101.com.br/video/s03e30-traduc%cc%a7a%cc%83o-no-esporte-ou-esporte-na-traduc%cc%a7a%cc%83o_-ulisses-carvalho-e-jayme-costa/
S03E31;What the heck! A internacionalização da Dona Hermínia;Ligia Fragano Sobral;;x;;;;;;;;;x;;;;;;;https://translators101.com.br/video/s03e31-what-the-heck-a-internacionalizac%cc%a7a%cc%83o-da-dona-herminia-ligia-sobral-fragano/
S03E32;Audiodescrição rima com tradução de muitas maneiras além da sonoridade;Ana Julia Perrotti;;x;x;;;x;;;;;;;;;;;;https://translators101.com.br/video/audiodescricao-e-traducao/
S03E33;Traduzindo jogos de tabuleiro;Juliana Gallo;;x;;;;;;;;;;;x;;;;;https://translators101.com.br/video/s03e33-juliana-gallo/
S03E34;O fantástico mundo da pesquisa clínica;Kelly Elizeu;;x;x;;;;;;;;;;;;x;;;https://translators101.com.br/video/s03e34-kelly-elizeu/
S03E35;Que tal aprender como fazer seu próprio glossário?;Ciça Lopes;;x;x;;x;;x;;;;;;;;;;;https://translators101.com.br/video/s03e35-que-tal-aprender-como-fazer-seu-proprio-glossario_-cic%cc%a7a-lopes/
S03E36;Notas: muito além dos símbolos;Érika Lessa;;;x;;x;x;x;;;;;;;;;;;https://translators101.com.br/video/tecnicas-de-note-taking/
S03E37;Localização de jogos de tabuleiro;Luciana Boldorini e Ivar Jr.;;x;;;;x;;;;;;;x;;;;;https://translators101.com.br/video/localizacao-de-jogos-de-tabuleiro-s03e37/
S03E38;Tradução automática na tradução técnica: testamos uma abordagem;Carolina Bisson;;x;;;x;x;;;;;;;;;;x;;https://translators101.com.br/video/s03e38-traduc%cc%a7a%cc%83o-automatica-na-traduc%cc%a7a%cc%83o-tecnica_-testamos-uma-abordagem-carolina-bisson/
S03E39;Tradução de patentes: por onde começar?;Beatriz Araújo;;x;;;;x;;;;;;;;;;x;;https://translators101.com.br/video/s03e39-traduc%cc%a7a%cc%83o-de-patentes_-por-onde-comec%cc%a7ar_-beatriz-araujo/
S03E40;O papel da revisão na tradução;Beatriz Santana;;x;;;;x;x;;;;;;;;;;;https://translators101.com.br/video/s03e40-o-papel-da-revisa%cc%83o-na-traduc%cc%a7a%cc%83o-beatriz-santana/
S03E41;Em busca da naturalidade;Petê Rissatti;;x;;;;x;x;;;;;x;;;;;;https://translators101.com.br/video/s03e41-em-busca-da-naturalidade-pete%cc%82-rissatti/
S03E42;Tradutores euprendedores e o relacionamento com o cliente;Rane Souza;;x;x;;;x;;;;;;;;;;;;https://translators101.com.br/video/s03e42-rane-souza/
S03E43;Os desafios da produção editorial de best-sellers;Suelen Lopes;;x;;;;;;;;;;x;;;;;;https://translators101.com.br/video/s03e43-os-desafios-da-produc%cc%a7a%cc%83o-editorial-de-best-sellers-suelen-lopes/
S03E44;Traduzir RPG é sempre um desafio;Jana Bianchi;;x;;;;;;;;;;;x;;;;;https://translators101.com.br/video/traduzir-rpg-e-sempre-um-desafio-s03e44/
S03E45;Legendagem especializada: foco no gênero institucional;Carol Alfaro;;x;;;;;;;;;x;;;;;;;https://translators101.com.br/video/s03e45-carol-alfaro/
S03E46;Rock’n roll x livros (histórias+idiomas+mistura cultural) ideias = tradutora literária;Amarilis Okida;;x;x;;;x;;;;;;x;;;;;;https://translators101.com.br/video/s03e46-amarilis-okida
S03E47;Palestra nº 100 — Línguas estrangeiras + negócios + tecnologia =  tradução e interpretação;Cris Silva;;x;x;;x;x;;;;;;;;;;;;https://translators101.com.br/video/palestra-no-100-linguas-estrangeiras-negocios-tecnologia-traducao-e-interpretacao-s03e47/
S04E01;Como é que traduz essa porr@?;Evelise Scapol e Renato Geraldes;;;x;;;;x;;;;;;;;;;;https://translators101.com.br/video/traducao-de-palavroes/
S04E02;Kit de sobrevivência: Vinte dicas pra se manter na tradução;Andressa Gatto;;x;;;;x;;;;;;;;;;;;https://translators101.com.br/video/s04e02-andressa-gatto/
S04E03;Linguagem inclusiva: gênero, política e linguagem;Ana Elisa Ribeiro;;x;;;;;;;;;;;;;;;;https://translators101.com.br/video/linguagem-inclusiva/
S04E04;O Skill Set do intérprete;Marcelle Castro;;;x;;;;x;;;;;;;;;;;https://translators101.com.br/video/s04e04-marcelle-castro/
S04E05;Afinal, o que é gramática?;Amanda Moura;;x;x;;;x;x;;;;;;;;;;;https://translators101.com.br/video/o-que-e-gramatica/
S04E06;Traduttore, traditore e manipolatore - uma palestra em português brasileiro;Letícia Sallorenzo;;x;;;;x;x;;;;;;;;;;;https://translators101.com.br/video/traducao-e-manipulacao/
S04E07;Como fazer para sempre lembrar dos termos nas suas línguas?;Denise Araujo;;;x;;;;x;;;;;;;;;;;https://translators101.com.br/video/s04e07-denise-araujo/
S04E08;O Diário de Mika acessível em libras;Juliana Fernandes;;;x;;;;;;;;;;;;;;;https://translators101.com.br/video/s04e08-juliana-fernandes/
S04E09;Linguística e Tradução: entre tapas e beijos;Meritxell Almarza;;x;x;;;x;x;;;;;;;;;;;https://translators101.com.br/video/linguistica-e-traducao/
S04E10;Interpretação Comunitária: um instrumento de acesso a direitos fundamentais;Mylene Queiroz e Jaqueline Nordin;;x;x;;;;;;;;;;;x;;;;https://translators101.com.br/video/s04e10-mylene-queiroz-e-jaqueline-nordin/
S04E11;Como a tecnologia facilita a vida do tradutor;Rafa Lombardino;;x;x;;;x;;;;;;;;;;;;https://translators101.com.br/video/tecnologia-na-traducao/
S04E12;Sprechen Sie Deutsch? Dois tradutores brasileiros na Alemanha;Bete Köninger e Marcos Zattar;;x;;;;x;;;;;;;;;;;;https://translators101.com.br/video/s04e12-bete-ko%cc%88ninger-e-marcos-zattar/
S04E13;A importância das ferramentas digitais para a tradução;Valter Mendes Jr.;;x;;;;x;;;;;;;;;;;;https://translators101.com.br/video/s04e13-valter-mendes-jr/
S04E14;A importância dos Guias de Estilo na tradução;Roberta Jenkins;;x;;;;x;x;;;;;;;;;;;https://translators101.com.br/video/guia-estilo-traducao/
S04E15;Perdido ou cantando a caminho do banco? Como anda você na profissão um ano depois do mundo mudar?;Richard Laver;;x;x;;;x;;;;;;;;;;;;https://translators101.com.br/video/mercado-traducao-interpretacao/
S04E16;Da Paraíba para o mundo: legendagem de curtas-metragens paraibanos;Victoria Cabral;x;x;;;;;;;;;x;;;;;;;https://translators101.com.br/video/legendagem-de-curtas-paraiba/
S04E17;Mentoring: a ferramenta para conseguir uma carreira em tradução;Ana Saldanha;;x;x;;;x;;;;;;;;;;;;https://translators101.com.br/video/s04e17-ana-saldanha/
S04E18;As novas práticas de legendagem com o avanço do streaming;Ygor Blanco;;x;;;;;;;;;x;;;;;;;https://translators101.com.br/video/s04e18-ygor-blanco/
S04E19;Traduzir Machado de Assis: causos e percalços do Bruxo além-fronteiras;Pablo Cardellino;;x;;;;x;;;;;;;;;;;;https://translators101.com.br/video/traduzir-machado-de-assis-causos-e-percalcos-do-bruxo-alem-fronteiras-s04e19/
S04E20;Norma linguística e tradução — O que é traduzir para o português brasileiro;Marcos Bagno;;x;x;;;x;x;;;;;;;;;;;https://translators101.com.br/video/s04e20-marcos-bagno-3/
S04E21;Tradução técnica – Recursos e desafios;Sónia Tavares;;x;;;;;;;;;;;;;;x;;https://translators101.com.br/video/traducao-tecnica-recursos-e-desafios-s04e21/
S04E22;Sua amiga, a tradução automática;Silvio Picinini;;x;;;x;x;;;;;;;;;;x;;https://translators101.com.br/video/s04e22-silvio-picinini/
S04E23;“Às voltas com a Babel”: profissionalizando a gestão de uma empresa;Igor Lourenço e Isabel Borges;;x;;;;x;;;;;;;;;;;;https://translators101.com.br/video/as-voltas-com-a-babel-profissionalizando-a-gestao-de-uma-empresa-s04e23/
S04E24;Gerativismo - A gramática que está escondida no nosso subconsciente;Gii Agria;;x;x;;;x;x;;;;;;;;;;;https://translators101.com.br/video/s04e24-gii-agria-2/
S04E25;Tradução em Direitos Humanos: oportunidades e desafios;Mariana Almeida;;x;x;;;;x;;;;;;;;;;;https://translators101.com.br/video/traducao-direitos-humanos/
S04E26;O jeito que a gente diz: em busca da naturalidade;Stella Tagnin;;x;;;x;x;x;;;;;;;;;x;;https://translators101.com.br/video/s04e26-stella-tagnin/
S04E27;Quem está certo? A eterna batalha entre revisão e tradução;Fabiana Zardo;;x;;x;;x;;;;;;;;;;x;;https://translators101.com.br/video/s04e27-fabiana-zardo/
S04E28;Vivendo da tradução em Portugal;Raissa Duboc;;x;;;;x;;;;;x;;;;;;;https://translators101.com.br/video/s04e28-raissa-duboc-2/
S04E29;Como aprimorar sua carreira na tradução com o voluntariado;Catherine Christaki e Karen Tkaczyk;;x;x;;;x;;;;;;;;;;;;https://translators101.com.br/video/voluntariado-na-traducao/
S04E30;A legendagem na publicidade: particularidades e novas tendências;Dafne Baddini;;x;;;x;;;;;;x;;;;;;;https://translators101.com.br/video/s04e30-dafne-baddini/
S04E31;De intérprete infantil oficial da família a intérprete profissional!;Katia Georges Chedraoui;;x;x;;;x;;;;;;;;;;;;https://translators101.com.br/video/s04e31-katia-georges-chedraoui/
S04E32;Legendagem: Descomplicando a Sincronia no Subtitle Edit;Matheus Maggi;;x;;;x;;;;;;x;;;;;;;https://translators101.com.br/video/s04e32-matheus-maggi/
S04E33;Gestão Financeira: Planejamento, administração e gestão do dinheiro;Rodrigo Anunciato;;x;x;;;x;;;;;;;;;;;;https://translators101.com.br/video/gestao-financeira-freelancer/
S04E34;EULA: usando a internet a nosso favor;Fernanda Vitarelli;;x;;;;;;;;;;;x;x;;;;https://translators101.com.br/video/s04e34-fernanda-vitarelli/
S04E35;Translation and Interpreting in the USA;David Rumsey;;x;x;;;;;;;;;;;;;;;https://translators101.com.br/video/traducao-interpretacao-usa/
S04E36;Preparação de texto, que bicho é esse?;Laura Folgueira;;x;;;;x;x;;;;;x;;;;;;https://translators101.com.br/video/s04e36-laura-folgueira/
S04E37;Como simplificar seu inglês na tradução técnica;Rômulo Faria;;x;;;x;;;;;;;;;;;x;;https://translators101.com.br/video/traducao-tecnica-ingles/
S04E38;Falando de tradução para localização (apps, softwares, sites);Samira Spolidorio;;x;;;;x;x;;;;;;x;;;;;https://translators101.com.br/video/s04e38-samira-spolidorio/
S04E39;Linguagem neutra: a aplicação e seus desafios;Giovana Bomentre;;x;;;;x;x;;;;;x;;;;;;https://translators101.com.br/video/linguagem-neutra-a-aplicacao-e-seus-desafios-s04e39/
S04E40;Jornalismo e tradução: tão íntimos e tão estranhos;Patrícia Franco;;x;;;;x;;;;;;;;;;;;https://translators101.com.br/video/jornalismo-e-traducao-tao-intimos-e-tao-estranhos-s04e40/
S04E41;Filhos e Carreira: lições e dicas de tradutores e intérpretes;Luciane Camargo;;x;x;;;x;;;;;;;;;;;;https://translators101.com.br/video/s04e41-luciane-camargo/
S04E42;Condições que devemos exigir para a interpretação remota;Tony Rosado;;;x;;;x;;;;;;;;;;;;https://translators101.com.br/video/condicoes-que-devemos-exigir-para-a-interpretacao-remota-s04e42/
S04E42;Conditions we must demand for remote interpreting;Tony Rosado;;;x;;;x;;;;;;;;;;;;https://translators101.com.br/video/conditions-we-must-demand-for-remote-interpreting-s04e42/
S04E43;Como sua mãe já dizia: você não é todo mundo;Regiane Winarski;;x;;;;x;x;;;;;x;;;;;;https://translators101.com.br/video/como-sua-mae-ja-dizia-voce-nao-e-todo-mundo-s04e43/
S04E45;Conhecimento é poder;Natalie Gerhardt;;x;x;;;x;x;;;;;x;;;;;;https://translators101.com.br/video/conhecimento-e-poder-s04e45/
S04E46;Italiano e português: tão parecidos e tão diferentes;Mauro Moser;;;x;;;x;x;;;;;;;;;;;https://translators101.com.br/video/s04e46-mauro-moser/
S04E47;Langue x Parole: uma discussão dicotômica “nesSAUSSUREa”;Lia Bittencourt;;x;x;;;x;x;;;;;;;;;;;https://translators101.com.br/video/s04e47-lia-bittencourt/
S04E48;Máquinas, política e futebol: traduzindo do alemão;Marcelo Neves;;x;x;;;x;x;;;;;;;;;;;https://translators101.com.br/video/maquinas-politica-e-futebol-traduzindo-do-alemao-s04e48/
S04E49;FAQ de tradutores sobre finanças e investimentos;Isabela Fontanella;;x;x;;;x;;;;;;;;;;;;https://translators101.com.br/video/organizar-vida-financeira-tradutor/
S04E50;A Sétima Maravilha das Organizações Internacionais;Claudinei Nunes e Mônica Lange;;;x;;;x;x;;;;;;;x;;;;https://translators101.com.br/video/a-setima-maravilha-das-organizacoes-internacionais-s04e50/
S04E51;Achados de uma mentoria: o que aprendemos ensinando tradução literária;Debora Fleck e Mariana Serpa;;x;;;;;;;;;;x;;;;;;https://translators101.com.br/video/s04e51-as-pretextas/
S05E01;Erros recorrentes em revisão e técnicas para solucioná-los;Hariele Quara;;x;;x;;x;x;;;;;;;;;;;https://translators101.com.br/video/erros-recorrentes-em-revisao-e-tecnicas-para-soluciona-los-s05e01/
S05E02;A gênese da tradução da obra The Scandals of Translation, de Lawrence Venuti;Marileide Dias Esqueda;;x;;;;x;;;;;;;;;;;;https://translators101.com.br/video/a-genese-da-traducao-da-obra-the-scandals-of-translation-de-lawrence-venuti-s05e02/
S05E03;Indo além da tradução: novos caminhos e oportunidades para profissionais do texto;Luciana Boldorini e Ivar Jr.;;x;;;;x;;;;;;x;x;;;x;;https://translators101.com.br/video/indo-alem-da-traducao-novos-caminhos-e-oportunidades-para-profissionais-do-texto-s05e03/
S05E04;Per aspera ad astra: a tradução de High Frontier 4 All;Ricardo Garcia;;x;;;;;;;;;;;x;;;;;https://translators101.com.br/video/per-aspera-ad-astra-a-traducao-de-high-frontier-4-all-s05e04/
S05E05;Dicas para otimizar o seu processo de revisão;Luiza Leite Ferreira;;x;;x;x;x;;;;;;;;;;;;https://translators101.com.br/video/dicas-para-otimizar-o-seu-processo-de-revisao-s05e05/
S05E06;Da boca para o texto escrito;Amarilis Okida;;x;;;;x;;;;;;;;;;;;https://translators101.com.br/video/da-boca-para-o-texto-escrito-s05e06/
S05E07;A comunicação intercultural pelos olhos de uma intérprete de japonês;Anna Ligia Pozzetti;;x;x;;;x;x;;;;;;;;;;;https://translators101.com.br/video/s05e07-anna-ligia-pozzetti/
S05E08;Jogo de palavras: localização de jogos de tabuleiro;Paula Pizauro;;x;;;;;;;;;;;x;;;;;https://translators101.com.br/video/localizacao-jogos-tabuleiro/
S05E09;Reflexões sobre a criação de recursos visuais a partir de conteúdos textuais;Mariana Casetto;;x;;;;x;;;;;;;;;;;;https://translators101.com.br/video/s05e09-mariana-casetto/
S05E10;Tradução de jogos — O mercado brasileiro;Maryanne Linz e Edmo Suassuna;;x;;;;;;;;;;;x;;;;;https://translators101.com.br/video/s05e10-edmo-e-maryanne/
S05E11;Closed Caption: legenda com emoção;Diego Marsicano;;x;;;;;;;;;x;;;;;;;https://translators101.com.br/video/s05e11-diego-marsicano/
S05E12;Ficção histórica: tudo serve para alguma coisa;Monique D'Orazio;;x;;;;;x;;;;;x;;;;;;https://translators101.com.br/video/s05e12-monique-dorazio/
S05E13;Melhores práticas de LQA: um Fail diz tudo?;Andrea Gonçalves Pinto;;x;;x;x;x;;;;;;;;;;;;https://translators101.com.br/video/melhores-praticas-lqa/
S05E14;Legendagem em tempo real feita por estenotipia com tradução simultânea;Giovana Lara;;;;;;;;;;;x;;;;;;;https://translators101.com.br/video/s05e14-giovana-lara/
S05E15;Os desafios na tradução de Uma mulher estranha, da escritora feminista turca Leylâ Erbil;Marco S. de Pinto;;x;;;;;;;;;;x;;;;;;https://translators101.com.br/video/s05e15-marco-de-pinto/
S05E16;Contra o terraplanismo linguístico na tradução;Rane Souza e Jorge Davidson;;;;;;x;;;;;;;;;;;;https://translators101.com.br/video/s05e16-rane-e-jorge/
S05E17;Equipamentos e RSI: o que fazer, o que não fazer, quando chorar;Daniel Maciel;;;x;;;;;;;;;;;;;;;https://translators101.com.br/video/s05e17-daniel-maciel/
S05E18;O que é e como funciona uma boutique de tradução jurídica;Bruna Marchi;;;;;;;;;;;;;;x;;;;https://translators101.com.br/video/s05e18-bruna-marchi/
S05E19;Cadê o original que estava aqui? Quando uma tradutora se torna copywriter;Lara Talhaferro;;x;;;;x;;;;;;;;;;;;https://translators101.com.br/video/copywriting-para-tradutores/
S05E20;Tradutores juramentados: mitos e verdades;Carolina Ventura;;x;;;;;;;;;;;;x;;;;https://translators101.com.br/video/s05e20-carolina-ventura/
S05E21;Variantes linguísticas: com que roupa eu vou?;Danny Reis;;x;;;;x;x;;;;;;;;;;;https://translators101.com.br/video/s05e21-danny-reis/
S05E22;Interação humano-computador na tradução: dos benefícios aos desafios;Rossana Cunha;;x;;;x;x;;;;;;;;;;;;https://translators101.com.br/video/s05e22-rossana-cunha/
S05E23;Quality Assurance no cliente: o outro lado da mesa;Priscila Mottola;;x;;x;;x;;;;;;;;;;;;https://translators101.com.br/video/s05e23-priscila-mottola/
S05E24;Localização de games: linguagem e mídia;Horacio Corral;;x;;;;;;;;;;;x;;;;;https://translators101.com.br/video/localizacao-de-games/
S05E25;VERSÃO BRASILEIRA: os desafios e as alegrias de adaptar canções para o português;Mariana Elisabetsky;;x;;;;;;;;;;;;;;;;
S05E26;UTF? ANSI? O que são codificações de texto, por que existem e como lidar com elas no trabalho de legendagem;Guilherme Gama;;x;;x;x;;;;;;;;;;;;;https://translators101.com.br/video/s05e26-guilherme-gama/
S05E27;Mercado de trabalho — Teoria e prática;Isabel Riera;;x;x;;;x;;;;;;;;;;;;https://translators101.com.br/video/mercado-de-trabalho-teoria-e-pratica-s05e27/
S05E28;Linux para tradutores;Rafa Lombardino;;x;;;x;x;;;;;;;;;;;;https://translators101.com.br/video/linux-para-tradutores-s05e28/
S05E29;Uma porta para grandes oportunidades;Wania Grandesso;;x;x;;;x;;;;;;;;;;;;https://translators101.com.br/video/grandes-oportunidades-traducao/
S05E30;A tradutora roqueira: livros, música e interação com os leitores;Candice Soldatelli;;x;;;;;;;;;;x;;;;;;https://translators101.com.br/video/s05e30-candice-soldatelli/
S05E31;Dicionário Gastronômico: receita e degustação;Rozane Rebechi;;x;;x;x;;;;;;;;;;;;;https://translators101.com.br/video/s05e31-rozane-rebechi/
S05E32;Qual é a dimensão do mundo do tradutor?;Juliana Pazetti;;x;x;x;;x;;;;;;;;;;;;https://translators101.com.br/video/s05e32-juliana-pazetti/
S05E33;Tradução de textos de turismo e viagem: características e teoria funcionalista;Sofia Pulici;;x;;;;x;;;;;;;;;;;;https://translators101.com.br/video/s05e33-sofia-pulici/
S05E34;Traduzindo Neil Gaiman e outras criaturas fantásticas;Renata Pettengill;;x;;;;;;;;;;x;;;;;;https://translators101.com.br/video/s05e34-renata-pettengill/
S05E35;A Tradulação de Krazy Kat e Otros Kuadrinhos Komplicados (sic);Érico Assis;;x;;;;;;;;;;x;;;;;;https://translators101.com.br/video/s05e35-erico-assis/
S05E36;Os paralelos entre o trabalho do tradutor dos serviços de inteligência e o trabalho do tradutor freelancer;Melissa Harkin;;x;;;;x;;;;;;;;;;;;https://translators101.com.br/video/s05e36-melissa-harkin/
S05E37;O papel vital de comunicação do revisor;Marsel de Souza;;;;x;;x;;;;;;;;;;;;https://translators101.com.br/video/s05e37-marsel-de-souza/
S05E38;As palavras e nossa mitologia pessoal;André Gabeh;;;;;;x;x;;;;;;;;;;;https://translators101.com.br/video/s05e38-andre-gabeh/
S05E39;Do Sul do Brasil ao Norte da América do Norte: como internacionalizei minha carreira no Canadá;Bruna Beatriz;;x;;;;x;;;;;;;;;;;;https://translators101.com.br/video/internacionalizar-carreira-tradutor/
S05E40;Born to be global - A importância da tradução de SEO;Luana Santos;;x;;;x;x;;;;;;;;;;;;https://translators101.com.br/video/s05e40-luana-santos/
S05E41;Traduzindo marketing;Filipe Alverca;;x;;;;x;;;;;;;;;;;;https://translators101.com.br/video/s05e41-filipe-alverca/
S05E42;Da tendência à palavra: uma introdução à tradução de moda;Júlia Jacóbi;;x;;;;x;;;;;;;;;;;;https://translators101.com.br/video/s05e42-julia-jacobi/
S05E43;Tudo que eu posso dizer sobre tradução audiovisual sem quebrar nenhum sigilo;Daniel Erlich;;x;;;;;;;;;x;;;;;;;https://translators101.com.br/video/s05e43-daniel-erlich/
S05E44;Tradução animal! Uma ou duas coisinhas que você precisa saber antes de se aventurar nos textos de medicina veterinária;Luciana Bonancio;;x;;;;x;;;;;;;;;;x;;https://translators101.com.br/video/traducao-de-medicina-veterinaria/
S05E45;Qualidade da tradução na era da revolução tecnológica;Aline Tomasuolo;;x;;x;x;;;;;;;;;;;;;https://translators101.com.br/video/s05e45-aline-tomasuolo/
S05E46;Línguas de trabalho: o que são e como mantê-las afiadas;Christiano Sanches;;;x;;;x;x;;;;;;;;;;;https://translators101.com.br/video/linguas-trabalho-interpretacao/
S05E47;Jurídico e ciência na interpretação de noticiário;Denise e Natalie;;;x;;;x;;;;;;;;;;;;https://translators101.com.br/video/s05e47-denise-bobadilha-e-natalie-graue/
S05E48;O método Starbucks aplicado ao mundo da tradução;Aline Tomasuolo;;x;;;;;;;;;;;;;;;;https://translators101.com.br/video/metodo-starbucks/
S05E49;Arquivar, organizar e traduzir;Any Marry;;x;;;x;x;;;;;;;;;;;;https://translators101.com.br/video/s05e49-any-marry/
S05E50;Termos de negócios e finanças que todo tradutor deve conhecer;Isa Mara Lando;;x;x;;;x;;;;;;;;;;;;https://translators101.com.br/video/termos-negocios-financas-ingles/
S06E01;SEO - Sites que agradam o Google;Teresa Sousa;;x;;;x;x;;;;;;;;;;;;https://translators101.com.br/video/seo-sites-que-agradam-o-google-s06e01/
S06E02;"LocJAM - Soluções ""PraVer""";Luiz Fernando Alves;;x;;;;x;;;;;;;x;;;;;https://translators101.com.br/video/locjam-solucoes-praver-s06e02/
S06E03;Esports e jogos digitais competitivos - O que são, por que são importantes e casos de tradução e interpretação;Bhernardo Viana;;x;;;;x;;;;;;;x;;;;;https://translators101.com.br/video/esports-e-jogos-digitais-competitivos-s06e03/
S06E04;Inventar o trabalho dos outros?;Carlos Rutz;;x;;;;x;;;;;;;;;;;;https://translators101.com.br/video/inventar-o-trabalho-dos-outros-s06e04/
S06E05;Interpretando Altas Autoridades;Cláudia Chauvet;;;;;;;;;;;;;;;;;;https://translators101.com.br/video/interpretando-altas-autoridades-s06e05/
S06E06;MINHA nenhuma tradução é perfeita. Como aprender com a preparação de texto;Jana Bianchi e Fernanda;;x;;x;;x;;;;;;x;;;;;;https://translators101.com.br/video/como-aprender-com-a-preparacao-de-texto-s06e06/
S06E07;Um passeio pela construção da literatura norte-americana;Tereza Marques de Oliveira Lima;;;;;;;;;;;;x;;;;;;https://translators101.com.br/video/um-passeio-pela-construcao-da-literatura-norte-americana-s06e07/
S06E08;O nascimento e o renascimento da literatura traduzida;Ellen Maria;;;;;;;;;;;;x;;;;;;https://translators101.com.br/video/o-nascimento-e-o-renascimento-da-literatura-traduzida-s06e08/
S06E09;É um livro? É um jogo? É uma HQ? A localização de livros-jogos e seus desafios;Bianca Melyna;;;;;;;;;;;;x;x;;;;;https://translators101.com.br/video/a-localizacao-de-livros-jogos-e-seus-desafios-s06e09/
S06E10;O tradutor profissional e a globalização;Jorge Rodrigues;;;;;x;x;;;;;;;;;;;;https://translators101.com.br/video/o-tradutor-profissional-e-a-globalizacao-s06e10/
S06E11;Hacks de interpretação e minha experiência com interpretação na sede do governo;Leonardo Padovani;;;x;;;;;;;;;;;;;;;https://translators101.com.br/video/hacks-de-interpretacao-e-minha-experiencia-com-interpretacao-na-sede-do-governo-s06e11/
S06E12;RSI 3 anos depois do fim do mundo: um balanço;Aldo Vidor;;;x;;;;;;;;;;;;;;;https://translators101.com.br/video/rsi-3-anos-depois-do-fim-do-mundo-um-balanco-s06e12/
S06E13;Da tradução à versão: novos desafios para uma tradutora emigrante;Simone Campos;;x;;;;;;;;;;;;;;;;https://translators101.com.br/video/da-traducao-a-versao-novos-desafios-para-uma-tradutora-emigrante-s06e13/
S06E14;Que tempo bom, que nunca volta mais;Karina Wuo;;;;;x;x;;;;;;;;;;;;https://translators101.com.br/video/que-tempo-bom-que-nao-volta-nunca-mais-s06e14/
S06E15;10+ maneiras de traduzir provérbios e expressões idiomáticas;Reginaldo Francisco;;;;;;;x;;;;;x;;;;;;https://translators101.com.br/video/mais-de-10-maneiras-de-traduzir-proverbios-e-expressoes-idiomaticas-s06e15/
S06E16;A interpretação consecutiva e outras práticas que te tornam um melhor intérprete de simultânea;Luana Carvalho;;;x;;;;;;;;;;;;;;;https://translators101.com.br/video/a-interpretacao-consecutiva-e-outras-praticas-que-te-tornam-um-melhor-interprete-de-simultanea-s06e16/
S06E17;TQAuditor grátis para tradutores;Jean Trindade;;;;;x;;;;;;;;;;;;;https://translators101.com.br/video/tqauditor-gratis-para-tradutores-s06e17/
S06E18;Interpretação de auditorias e acompanhamento;Carmen Reis;;;x;;;;;;;;;;;;;;;https://translators101.com.br/video/interpretacao-de-auditorias-e-acompanhamento-s06e18/
S06E19;Desafios ao traduzir um artigo científico do inglês indiano ao português;Sofia Pulici;;x;;;;;;;;;;;;;x;;;https://translators101.com.br/video/desafios-ao-traduzir-do-ingles-indiano-ao-portugues/
S06E20;A importância do networking para o tradutor;Felipe Tomasi;;;;;;x;;;;;;;;;;;;https://translators101.com.br/video/a-importancia-do-networking-para-o-tradutor-s06e20/
S06E21;Como é o credenciamento para intérpretes na UE: requisitos e a prova;Alexandra de Vries;;;x;;;;;;;;;;;;;;;https://translators101.com.br/video/como-e-o-credenciamento-para-interpretes-na-ue-requisitos-e-a-prova-s06e21/
S06E22;Tradutor: um eterno aprendiz;Cláudia Fleith;;;;;;x;;;;;;;;;;;;https://translators101.com.br/video/tradutor-eterno-aprendiz/
S06E23;Tradução pública: como era e como ficou após a nova legislação;Jorge Rodrigues;;;;;;;;;;;;;;x;;;;https://translators101.com.br/video/tradutor-interprete-publico/
S06E24;Tradução criativa na localização de jogos;Ivan L. Lopes;;;;;;;;;;;;;x;;;;;https://translators101.com.br/video/traducao-criativa-na-localizacao-de-jogos-s06e24/
S06E25;Montando passo a passo uma macro no Word;Victor Almeida;;;;;x;;;;;;;;;;;;;https://translators101.com.br/video/s06e25-victor-almeida/
S06E26;Como a dramaturgia influencia a tradução audiovisual;Jacqueline Plaça;;;;;;;;;;x;x;;;;;;;https://translators101.com.br/video/como-a-dramaturgia-influencia-a-traducao-audiovisual-s06e26/
S06E27;Exorcize o seu texto: acabe com os possuídos!;Cláudia Mello Belhassof;;;;;;x;x;;;;;;;;;;;https://translators101.com.br/video/s06e27-claudia-mello-belhassof/
S06E28;Rebranding: como se reinventar – sem reinventar a roda;Ana Carolina Ribeiro;;;;;x;;;;;;;;;;;;;https://translators101.com.br/video/s06e28-rebranding-como-se-reinventar-sem-reinventar-a-roda/
S06E29;Exemplos práticos de multiculturalismo na tradução de inglês e português;Stephan Hughes;;x;;;;x;;;;;;;;;;;;https://translators101.com.br/video/exemplos-praticos-de-multiculturalismo-na-traducao-de-ingles-e-portugues-s06e29/
S06E30;Comunicação Acessível: Estratégias para integrar a acessibilidade a teatro, redes sociais, palestras e outras formas de diálogo;Fernanda Brahemcha;;;;;;x;;;;;;;;;;;;https://translators101.com.br/video/comunicacao-acessivel-estrategias-para-integrar-a-acessibilidade-a-teatro-redes-sociais-palestras-e-outras-formas-de-dialogo-s06e30/
S06E31;I've Known Rivers - A tradução e o mercado editorial sob a perspectiva negra;Karine Ribeiro;;;;;;;;;;;;x;;;;;;https://translators101.com.br/video/s06e31-karine-ribeiro/
S06E32;Para (não) audaciosos: por uma Poética do Traduzir;Amanda Moura;;;;;x;;;;;;;;;;;;;https://translators101.com.br/video/para-nao-audaciosos-por-uma-poetica-do-traduzir-s06e32/
S06E33;Qualificações e Possibilidades para o Profissional Pós-editor;Andréia Souza e Larissa Albaladejo;;;;;x;x;;;;;;;;;;;;https://translators101.com.br/video/s06e33-qualificacoes-e-possibilidades-para-o-profissional-pos-editor/
S06E34;Por que preciso pensar sobre racismo se não sou racista?;Patricia Souza;;;;;;x;;;;;;;;;;;;https://translators101.com.br/video/por-que-preciso-pensar-sobre-racismo-se-nao-sou-racista-s06e34/
S06E35;Language Lead? Que bicho é esse?;Mariana Ciocca Alves Passos;;;;;x;x;;;;;;;;;;;;https://translators101.com.br/video/s06e35-language-lead-que-bicho-e-esse/
S06E36;Desafios da tradução;Renata Machado;;x;;;;x;;;;;;;;;;;;https://translators101.com.br/video/desafios-da-traducao-s06e36/
S06E37;Interpretação de texto e tradução;Natalie Gerhardt;;x;;;;;x;;;;;;;;;;;https://translators101.com.br/video/interpretacao-de-texto-e-traducao-s06e37/
S06E38;“A arte da alta produtividade”Insights para empresários, profissionais liberais e autônomos;André Ribeiro;;;;;x;;;;;;;;;;;;;https://translators101.com.br/video/insights-para-empresarios-profissionais-liberais-e-autonomos-s06e38/
S06E39;Intérpretes pós-pandêmicos: aprendizados além da interpretação;Felipe Pazello;;;x;;;;;;;;;;;;;;;https://translators101.com.br/video/interpretes-pos-pandemicos-aprendizados-alem-da-interpretacao-s06e39/
S06E40;A importância da inteligência emocional na rotina do profissional autônomo;Shirlei Fernandes Correa;;;;;;x;;x;;;;;;;;;;https://translators101.com.br/video/a-importancia-da-inteligencia-emocional-na-rotina-do-profissional-autonomo-s06e40/
S06E41;Driblando a sociedade do cansaço;Francine Oliveira;;;;;;x;;x;;;;;;;;;;https://translators101.com.br/video/driblando-a-sociedade-do-cansaco-s06e41/
S06E42;O Papel dos Revisores na Produção de Livros Didáticos;Marianna La Vega;;;;x;;;;;;;;;;;;;;https://translators101.com.br/video/o-papel-dos-revisores-na-producao-de-livros-didaticos-s06e42/
S06E43;Traduzindo um relatório do século XVIII sobre vampiros;Andressa Furlan Ferreira;;x;;;;;;;;;;x;;;;;;https://translators101.com.br/video/traduzindo-um-relatorio-do-seculo-xviii-sobre-vampiros-s06e43/
S06E44;O gênero neutro está presente. E você, está no Presente ou no passado?;Thiago Hilger;;;;;;x;x;;;;;;x;;;;;https://translators101.com.br/video/o-genero-neutro-esta-presente-e-voce-esta-no-presente-ou-no-passado-s06e44/
S06E45;Traduzindo Clássicos;Petê Rissatti;;;;;;;;;;;;x;;;;;;https://translators101.com.br/video/traduzindo-classicos-s06e45/
S06E46;Jon Fosse no Brasil: A tradução de É a Ales;Guilherme Braga;;;;;;;;;;;;x;;;;;;https://translators101.com.br/video/jon-fosse-no-brasil-a-traducao-de-e-a-ales-s06e46/
S06E47;Prospecção de Clientes, Networking e Marketing Pessoal para Tradutores Introvertidos;Ivar Panazzolo Junior;;;;;x;x;;;;;;;;;;;;https://translators101.com.br/video/prospeccao-de-clientes-networking-e-marketing-pessoal-para-tradutores-introvertidos-s06e47/
S06E48;Ensaio sobre a curiosidade: como os verbos errar, aprender e mudar devem ser um mantra;Rafaela Mota Lemos;;;;;;x;;;;;;;;;;;;https://translators101.com.br/video/ensaio-sobre-a-curiosidade-como-os-verbos-errar-aprender-e-mudar-devem-ser-um-mantra-s06e48/
S06E49;Travessia Tradutória;Alison Entrekin;;;;;;;;;;;;x;;;;;;https://translators101.com.br/video/travessia-tradutoria/
S07E01;Les casquettes du monde littéraire : navegando entre a criação e a tradução do texto.;Adriana Fernandes Morais Martins;;;;;;;;;;;;x;;;;;;https://translators101.com.br/video/les-casquettes-du-monde-litteraire-navegando-entre-a-criacao-e-a-traducao-do-texto-s07e01/
S07E02;ProZ KudoZ além dos Pontos: Perspectivas e Possibilidades;Matheus R. Chaud ;;;;;x;;;;;;;;;;;;;https://translators101.com.br/video/proz-kudoz-alem-dos-pontos-perspectivas-e-possibilidades-s07e02/
S07E03;De férias com o tradutor: Os desafios da tradução de reality shows ;Will Xavier;;;;;;;;;;x;x;;;;;;;https://translators101.com.br/video/de-ferias-com-o-tradutor-os-desafios-da-traducao-de-reality-show-s07e03/?preview=true&_thumbnail_id=37744
S07E04;A tradução de obras audiovisuais derivadas na era transmídia: E agora, tradutor? ;Paulo Noriega ;;;;;;;;;;x;x;;;;;;;
S07E05;Tradução para dublagem de língua turca;Leandra Machado ;;;;;;;;;;x;x;;;;;;;
S07E06;Audiodescrição de Cinema de Terror;Marcella Wiffler Stefanini;;;;;;;;;;x;x;;;;;;;
S07E07;Falando das pedras no caminho na tradução de ficção;Carlos César da Silva ;;;;;;;;;;;;;;;;;;
S07E08 ;Construindo uma carreira de alto nível na interpretação;Denise Araújo, Aldo Vidor e Evelise Scapol ;;;x;;;;;;;;;;;;;;;
S07E09;Percy Jackson e a adaptação na tradução intersemiótica do livro para a tela.;Bianca da Costa;;;;;;;;;;x;x;;;;;;;
S07E10;É rir para não chorar: Os desafios da tradução do humor na dublagem;Marun Reis ;;;;;;;;;;x;;;;;;;;
S07E11;Como se preparar para o apocalipse zumbi;Denise Bobadilha ;;;x;;;;;;;;;;;;;;;
S07E12;É possível distinguir a tradução automática da tradução humana? Uma perspectiva baseada em corpus e aprendizagem de máquina;Aline Tomasuolo;;;;;x;x;;;;;;;;;;;;
S07E13;Direitos autorais para tradutores ;Gabriela Colicigno;;;;;;x;;;;;;x;;;;;;
S07E14;Enshittification: ou como nos acostumamos à degradação das plataformas online;Deborah Cornelio e Jorge Davidson;;;;;;x;;;;;;;;;;;;
S07E15;A Era da Informação (sob controle) ;Roney Belhassof;;;;;x;;;;;;;;;;;;;
S07E16;O novo mercado de tradução: a revolução da inteligência artificial;Aline Tomasuolo;;;;;x;;;;;;;;;;;;;
S07E17;A Tradução Financeira com Dinaura Julles;Dinaura Julles ;;;;;;;;;;;;;;;;x;;
S07E18;A cabeça do tradutor de russo – O processo de tradução de um clássico da ficção científica.;Robson Ortlibas ;;;;;;;;;;;;x;;;;;;
S07E19;Who they are – Estratégias de tradução do gênero não binário.;Karoline Melo;;x;;;x;;;;;;;x;;;;;;
S07E20;Tradução jornalística, muito além das palavras;Katia Buffolo;;x;;;;;;;;;;;;;;x;;
S07E21;Ask Me Anything about Interpretainment;Maria Paula Carvalho;;;x;;;;;;;;;;;;;;;
S07E22;Portuguese into English?! Brasileiros podem fazer versões de qualidade para o inglês?;Aline Tomasuolo;;x;;;;x;x;;;;;;;;;;;
S07E23;Financeiro é a mãe: a ciência por trás do 'na volta a gente compra';Dea Moretto;;;;;x;x;;;;;;;;;;;;
S07E24;Interpretação religiosa: the good, the bad and the ugly;Felipe Pazello e Felipe Santos ;;;x;;;;;;;;;;;;;;;
S07E25;Caminhos da Tradução na graduação em Letras;Mirella Nunes Giracca e Silvana Ayub Polchlopek;;x;;;;;;;;;;;;;;;;
S07E26;Controle financeiro e relação cliente contador;Luidg Quitete;;;;;x;;;;;;;;;;;;;
S07E27;Criatividade de milhões, automatismo de centavos;Filipe Alverca;;x;;;;x;;;;;;;;;;;;
S07E28;Masterclass Inteligência Artificial em 2024;Ivan Martucci, Guilherme Gama e Ligia Sobral Fragano;;;;;x;;;;;;;;;;;;;
S07E29;Viajando no tempo e na ficção científica - A tradução para dublagem de Time Patrol Bon;Vic Vieira Ramires;;;;;;;;;;;;x;;;;;;
S07E30;Você quer traduzir jogos analógicos?;Mateus Ornellas;;;;;;;;;;;;;x;;;;;
S07E31;TRADUSA 2024: Tudo sobre o V Encontro Brasileiro de Tradutores Especializados na Área da Saúde;Ana Julia Perrotti-Garcia, Cátia Santana e Patrícia Gimenez;;;;;;;;;;;;;;;x;;;
S07E32;Gerentes de projetos: os maestros do setor de tradução e localização;Gisley Ferreira;;;;;x;x;;;;;;;;;;;;
S07E33;De tradutora literária a escritora;Natalie Gerhardt;;;;;;x;;;;;;x;;;;;;
S07E34;Quer aprender a traduzir para Dublagem?;Will Xavier;;;;;;;;;;x;;;;;;;;
S07E35;Perspectivas da carreira do tradutor com a IA;Ricardo Souza, Jorge Davidson, Simone Vieira Resende e Carol Santiago;;x;;;;x;;;;;;;;;;;;
S07E36;MTPE – Exemplos práticos de Machine Translation Pós-Editing ;Isa Mara Lando;;x;;;x;;x;;;;;;;;;;;
S07E37;Masterclass: Você quer trabalhar na tradução de jogos?;Ivar P. Junior, Horacio Corral e Luciana G. Boldorini;;;;;;;;;;;;;x;;;;;
S07E38;A IA e o mundo da tradução;Sandra Garcia;;x;;;x;;;;;;;;;;;;;
S07E39;Legenda automática: a vilã da vez;Andressa Gatto;;;;;;;;;;;x;;;;;;;
S07E40;Tort Law 101 e os casos mais bizarros dos EUA;Fernanda Vitarelli;;;;;;;;;;;;;;x;;;;
S07E41;Entre o Exílio, o Nobel e a ressurreição: Traduzindo Ivan Bunin;Robson Ortlibas;;;;;;;;;;;;x;;;;;;
S07E42;Aplicação e uso de novas tecnologias na Terminologia: da atividade didática à publicação;Cátia Santana, Denise Delegá, Patrícia Gimenez e Horácio Corral;;x;;;;x;x;;;;;;;;;;;
S07E43;A sutil arte de gerenciar o seu estresse;Giovana Boselli ;;;;;;x;;x;;;;;;;;;;
S07E44;A tradução de literatura sul-coreana no Brasil: oportunidades e desafios;Núbia Tropéia;;;;;;;;;;;;x;;;;;;
S07E45;Do manual à mesa: como explicar jogos ao público pode aprimorar as habilidades do tradutor;Jéssica Gubert e Raul Rocha;;;;;;;;;;;;;x;;;;;
S07E46;Apresentando o English-Portuguese Dictionary o Verbal Collocations;Stella E. O. Tagnin;;x;;;x;;x;;;;;;;;;;;
S07E47;"O Capacitismo nas Legendas Descritivas (LSE/SDH e CC)
Descrever ou Transcrever?";Diego Marsicano;;;;;;;;;;;x;;;;;;;
S07E48;Gerente de projetos de tradução como perspectiva de carreira: mercado, funções e habilidades;Carolina Bisson;;x;;;;x;;;;;;;;;;;;
S07E49;O Tradutor Nunca Está Só: Conexões e Colaboração nos Bastidores da Tradução;Daniel Guidi;;x;;;;x;;;;;;;;;;;;
S07E50;Gramática não é tudo, mas é inescapável;William Cruz;;;;;;;x;;;;;;;;;;;
S07E51;Entre Palavras e Mistérios: A Arte de Traduzir Arsène Lupin;Marco Hruschka, Luigi Ricciardi e Rafael Silvaro;;;;;;;;;;;;x;;;;;;
S08E01;LinkedIn para Tradutores: O Caminho das Pedras (e os Tiros no Pé);Karine Souto;;;;;;x;x;;;;;;;;;;;
S08E02;Manipulando a IA Generativa — Inteligências Artificiais, Perigos Reais;Marcus Mangetti;;;;;x;x;;;;;;;;;;;;
S08E03;"O mundo dos mods no PC gaming; e como traduzi-los pode abrir portas!";Jean Trindade;;;;;;;;;;;;;x;;;;;
S08E04;Localizando aplicativos móveis: uma jornada desafiadora e limitante!;Bruna Beatriz;;x;;;;;;;;;;;;;;x;;
S08E05;Corpora de Aprendizes de Tradução: Análise e Aplicações;Joacyr Oliveira ;;;;;;;;;;;;;;;;;;
S08E06;Tradução e tecnologia: até que ponto elas caminham juntas?;Simone Brito;;;;;;;;;;;;;;;;;;
S08E07;Regex aplicado ao memoQ;Matheus Fabris;;;;;;;;;;;;;;;;;;
S08E08;Espelho, espelho na parede? Nem sempre é traduzindo que se traduz;Luiza Levy e Renato R. Geraldes;;;;;;;;;;;;;;;;;;
S08E09;Como integrar a ModernMT a seu fluxo de trabalho;Val Ivonica;;;;;;;;;;;;;;;;;;
S08E10;A ciência por trás dos jogos e o futuro dos diálogos;Leonardo Tórtoro;;;;;;;;;;;;;;;;;;
S08E11;Tradução e revisão de artigos científicos em inglês: desafios e estratégias para tradutores profissionais;Marina Araujo;;;;;;;;;;;;;;;;;;
S08E12;Missão impossível? Não! Como gerenciar projetos de tradução sem pirar;Jerusa Marreti;;;;;;;;;;;;;;;;;;
S08E13;Regulamentação da Inteligência Artificial no Brasil, nos Estados Unidos e na Europa;Dinaura Julles;;;;;;;;;;;;;;;;;;
S08E14;A ciência por trás dos jogos e o futuro dos diálogos;Leonardo Tórtoro Pereira ;;;;;;;;;;;;;;;;;;
S08E15;Tradução Médica e ChatGPT: do Prontuário ao Prompt ;Luciana Bonancio;;;;;;;;;;;;;;;;;;
S08E16;Vinte anos de tradução: Carta a jovens tradutores ;Michel Teixeira ;;;;;;;;;;;;;;;;;;
S08E17;Reflexões sobre estratégias de tradução ;Sátia Marini;;;;;;;;;;;;;;;;;;
S08E18;Tradução Audiovisual: Workflow da demanda à entrega;Bruna Andrade;;;;;;;;;;;;;;;;;;
S08E19;A IA e o futuro da tradução: uma análise do panorama atual e expectativas;Valter Mendes;;;;;;;;;;;;;;;;;;
S08E20;Além da Língua: Estratégias que Todo Intérprete Precisa Dominar;Manuela Sampaio;;;;;;;;;;;;;;;;;;
S08E21;Tradução sobre Trilhos;Fabio Santana;;;;;;;;;;;;;;;;;;
Semana Intensiva;;André Ribeiro;;x;x;;;x;;;;;;;;;;;;https://translators101.com.br/video/semana-intensiva-carteira-qualificada/
Semana Intensiva;Produtividade;André Ribeiro;;x;x;;;x;;;;;;;;;;;;https://translators101.com.br/video/produtividade-na-traducao/
Semana Intensiva;Gestão de renda;André Ribeiro;;x;x;;;x;;;;;;;;;;;;https://translators101.com.br/video/semana-intensiva-gestao-de-renda/
SPIN-OFF_01;Tradução para dublagem;Equipe da SBD;;x;;;;;;;;x;;;;;;;;https://translators101.com.br/video/spin-off_01-dublagem-na-pratica-sbd/
SPIN-OFF_02;Teoria e prática da transcriação;Simone Homem de Mello;;x;;;;x;;;;;;;;;;;;
Spin-off_03;Sindrome do Impostor;Gabriel Leszczinski;x;x;x;;x;x;;;;;;;;;;;;https://translators101.com.br/video/sindrome-do-impostor-tradutores/
Spin-off_04;A língua inglesa e os textos para negócios;Liam Gallagher;;x;x;;;x;x;;;;;;;;;;;https://translators101.com.br/video/lingua-inglesa-e-os-textos-para-negocios/
Spin-off_05;O culto à pobreza na tradução: pecados, virtudes e uma pandemia;Luciana Bonancio;;x;x;;;x;;;;;;;;;;;;https://translators101.com.br/video/culto-a-pobreza-traducao/
Spin-off_08;Organizando suas contas;Luidg Quitete;x;x;x;;;x;;;;;;;;;;;;https://translators101.com.br/video/controle-de-gastos-para-tradutores/
Spin-off_09;Oficina de CNV;Priscila Stuani;;x;x;;;x;x;;;;;;;;;;x;https://translators101.com.br/video/oficina-de-cnv/
Spin-off_10;20 termos de negócios e finanças que todo tradutor deve conhecer;Isa Mara Lando;;x;x;;;x;x;;;;;;;;;;;https://translators101.com.br/video/termos-de-negocios-e-financas/
Spin-off_11;Os 10 da tradução literária;Petê Rissatti;;x;;;;;;;;;;x;;;;;x;https://translators101.com.br/video/traducao-editorial-spin-off_11a/
Spin-off_11 - 2;Os 10 da tradução literária;Petê Rissatti;;x;;;;;;;;;;x;;;;;x;https://translators101.com.br/video/traducao-literaria-spin-off_11b/
Spin-off_12;Literatura para a vida;Natália Estrella;;x;x;;x;x;x;;;;;;;;;;;https://translators101.com.br/video/tecnicas-de-leitura-spin-off_12/
Spin-off_13;Fotografia em casa;Camila Rodrigues;;x;x;;;x;;;;;;;;;;;x;https://translators101.com.br/video/foto-profissional-para-perfil/
Spin-off_14;Uma conversa com Cleo Monteiro Lobato: alegrias e desafios de se traduzir Monteiro Lobato;Cleo Monteiro Lobato;;x;;;;x;;;;;;x;;;;;;https://translators101.com.br/video/traduzir-monteiro-lobato-spin-off_14/
Spin-off_15;Os intérpretes e a tecnologia: resultados de uma pesquisa longitudinal realizada entre 2020 e 2021;Marsel de Souza e Patrizia Cavallo;;;x;;x;x;;;;;;;;;;;;https://translators101.com.br/video/interpretes-e-a-tecnologia-spin-off-15/
Spin-off_16;Do laudo à bula: a variedade de textos na tradução médica;Luciana Bonancio;;x;;;;;;;;;;;;;x;x;;https://translators101.com.br/video/textos-medicos-spin-off_16/
Spin-off_17;Formação e mercado no par italiano-português: dicas para tradutores/intérpretes iniciantes e experientes;Patrizia Cavallo;;x;x;;x;;;;;;;;;;;;;https://translators101.com.br/video/traducao-de-italiano-portugues-spin-off_17/
Spin-off_18;“Só assisto legendado” X “Dublado é muito melhor!” – Será mesmo uma simples questão de preferência?;Deborah Cornélio e Dilma Machado;;x;;;;;;;;x;x;;;;;;;https://translators101.com.br/video/dublado-ou-legendado/
Spin-off_19;“Burnout” e o trabalho autônomo;Juliana e Fernanda;;;;;;x;;;;;;;;;;;;https://translators101.com.br/video/burnout-e-o-trabalho-autonomo-spin-off_19/
Spin-off_20 - 1;Oficina: Word Avançado para tradutores 1;Reginaldo Francisco;;;;;;;;;;;;;;;;;x;https://translators101.com.br/video/oficina-word-avancado-para-tradutores-1-spin-off_20/
Spin-off_20 - 2;Oficina: Word Avançado para tradutores 2;Reginaldo Francisco;;;;;;;;;;;;;;;;;x;https://translators101.com.br/video/oficina-word-avancado-para-tradutores-2-spin-off_20/
Spin-off_21;Aventuras de uma equipe brasileira no LocJam Made in Italy;Alquimistas da Localização;;;;;;;;;;;;;x;;;;;
Spin-off_22;Wordscope + ChatGPT for Translators;Philippe Mercier ;;;;;x;;;;;;;;;;;;;
Spin-off_23;;;;;;;;;;;;;;;;;;;;
T101 + Phorte;Palavras que Cruzam Fronteiras: O Mundo da Interpretação de Conferências;Ana Julia Perrotti;;;x;;;;;;;;;;;;;;;https://translators101.com.br/video/palavras-que-cruzam-fronteiras-o-mundo-da-interpretacao-de-conferencias-t101phorte/
T101 + Phorte;O estudo da língua inglesa;Jane G. Coury;x;x;x;;;x;;;;;;;;;;;;https://translators101.com.br/video/traducao-estudo-lingua-inglesa/
T101 + Phorte;O ensino da interpretação;Maria Rosario Garcia Nieves;;;x;;;x;;;;;;;;;;;;https://translators101.com.br/video/o-ensino-da-interpretacao-maria-rosario-garcia-nieves/
T101 + Phorte;A importância da formação do tradutor;Meritxell Almarza;x;x;x;;;x;;;;;;;;;;;;https://translators101.com.br/video/formacao-do-tradutor/
T101 + Phorte;Tradução Literária vs Tradução Editorial;Petê Rissatti;x;x;;;;x;;;;;;x;;;;;;https://translators101.com.br/video/traducao-literaria-vs-traducao-editorial-pete-rissatti/
T101 + Phorte;O ensino da terminologia para tradução;Simone Resende;;;;;x;;;;;;;;;;;;;https://translators101.com.br/video/o-ensino-da-terminologia-para-traducao-simone-vieira-resende/
T101-ABRATES;Prova de credenciamento da Abrates;Abrates;;;;;;;;;;;;;;;;;;
T101-APIC;Para compreender a síndrome do impostor;Tânia Mara Zalcberg;;x;x;;x;x;;;;;;;;;;;;
T101+QuijoTe;Interpretação Espanhol <> Português e a Tecnologia!;Marcelo Andreoti;;;x;;;;;;;;;;;;;;;https://translators101.com.br/video/interpretacao-espanhol-portugues/
Terça-feira da cultura;Terça-feira da cultura (1);Isa Mara Lando;;x;x;;;x;x;;;;;;;;;;;https://translators101.com.br/video/traducao-terc%cc%a7as-da-cultura-1/
Terça-feira da cultura;Terça-feira da cultura (2);Isa Mara Lando;;x;x;;;x;x;;;;;;;;;;;https://translators101.com.br/video/terc%cc%a7as-da-cultura-e-traducao-2/
Terça-feira da cultura;Terça-feira da cultura (3);Isa Mara Lando;;x;x;;;x;x;;;;;;;;;;;https://translators101.com.br/video/traducao-tercas-cultura-3/
Terça-feira da cultura;Terça-feira da cultura (4);Isa Mara Lando;;x;x;;x;x;;;;;;;;;;;;https://translators101.com.br/video/traducao-tercas-cultura-4/
Terça-feira da cultura;Terça-feira da cultura (5);Isa Mara Lando;;x;x;;;x;x;;;;;;;;;;;https://translators101.com.br/video/traducao-terc%cc%a7as-da-cultura-5/
TRADUSA;Assisti House. Estou pronto para traduzir;Luciana Bonancio;;x;;;;;;;;;;;;;x;;;https://translators101.com.br/video/traducao-medica-luciana-bonancio/
TRADUSA;Aula aberta do curso avançado de tradução médica;Luciana Bonancio e Gilson Mattos; ;;;;;;;;;;;;;;x;;;https://translators101.com.br/video/aula-aberta-do-curso-avancado-de-traducao-medica-tradusa/
TRADUSA;Aula aberta do curso avançado de tradução médica;Patricia Gimenez;;;;;;;;;;;;;;;x;;;https://translators101.com.br/video/aula-aberta-do-curso-avancado-de-traducao-medica-tradusa-2
Yoga;Yoga Nidra;Sofia Pulici;;x;x;;;x;;x;;;;;;;;;;https://translators101.com.br/video/yoga-nidra-sofia-pulici/
;;;;;;;;;;;;;;;;;;;;
;;;;;;;;;;;;;;;;;;;;
;;;;;;;;;;;;;;;;;;;;
;;;;;;;;;;;;;;;;;;;;
;;;;;;;;;;;;;;;;;;;;
;;;;;;;;;;;;;;;;;;;;
;;;;;;;;;;;;;;;;;;;;
;;;;;;;;;;;;;;;;;;;;
;;;;;;;;;;;;;;;;;;;;
;;;;;;;;;;;;;;;;;;;;
;;;;;;;;;;;;;;;;;;;;
;;;;;;;;;;;;;;;;;;;;
;;;;;;;;;;;;;;;;;;;;
;;;;;;;;;;;;;;;;;;;;
;;;;;;;;;;;;;;;;;;;;
;;;;;;;;;;;;;;;;;;;;
;;;;;;;;;;;;;;;;;;;;
;;;;;;;;;;;;;;;;;;;;
;;;;;;;;;;;;;;;;;;;;
;;;;;;;;;;;;;;;;;;;;
;;;;;;;;;;;;;;;;;;;;
;;;;;;;;;;;;;;;;;;;;
;;;;;;;;;;;;;;;;;;;;
;;;;;;;;;;;;;;;;;;;;
;;;;;;;;;;;;;;;;;;;;
;;;;;;;;;;;;;;;;;;;;
;;;;;;;;;;;;;;;;;;;;
;;;;;;;;;;;;;;;;;;;;
;;;;;;;;;;;;;;;;;;;;
;;;;;;;;;;;;;;;;;;;;
;;;;;;;;;;;;;;;;;;;;
;;;;;;;;;;;;;;;;;;;;
;;;;;;;;;;;;;;;;;;;;
;;;;;;;;;;;;;;;;;;;;
;;;;;;;;;;;;;;;;;;;;
;;;;;;;;;;;;;;;;;;;;
;;;;;;;;;;;;;;;;;;;;
;;;;;;;;;;;;;;;;;;;;
;;;;;;;;;;;;;;;;;;;;
;;;;;;;;;;;;;;;;;;;;
;;;;;;;;;;;;;;;;;;;;
;;;;;;;;;;;;;;;;;;;;
;;;;;;;;;;;;;;;;;;;;
;;;;;;;;;;;;;;;;;;;;
;;;;;;;;;;;;;;;;;;;;
;;;;;;;;;;;;;;;;;;;;
;;;;;;;;;;;;;;;;;;;;
;;;;;;;;;;;;;;;;;;;;
;;;;;;;;;;;;;;;;;;;;
;;;;;;;;;;;;;;;;;;;;
;;;;;;;;;;;;;;;;;;;;
;;;;;;;;;;;;;;;;;;;;
;;;;;;;;;;;;;;;;;;;;
;;;;;;;;;;;;;;;;;;;;
;;;;;;;;;;;;;;;;;;;;
;;;;;;;;;;;;;;;;;;;;
;;;;;;;;;;;;;;;;;;;;
;;;;;;;;;;;;;;;;;;;;
;;;;;;;;;;;;;;;;;;;;
;;;;;;;;;;;;;;;;;;;;
;;;;;;;;;;;;;;;;;;;;
;;;;;;;;;;;;;;;;;;;;
;;;;;;;;;;;;;;;;;;;;
;;;;;;;;;;;;;;;;;;;;
;;;;;;;;;;;;;;;;;;;;
;;;;;;;;;;;;;;;;;;;;
;;;;;;;;;;;;;;;;;;;;
;;;;;;;;;;;;;;;;;;;;
;;;;;;;;;;;;;;;;;;;;
;;;;;;;;;;;;;;;;;;;;
;;;;;;;;;;;;;;;;;;;;
;;;;;;;;;;;;;;;;;;;;
;;;;;;;;;;;;;;;;;;;;
;;;;;;;;;;;;;;;;;;;;
;;;;;;;;;;;;;;;;;;;;
;;;;;;;;;;;;;;;;;;;;
;;;;;;;;;;;;;;;;;;;;
;;;;;;;;;;;;;;;;;;;;
;;;;;;;;;;;;;;;;;;;;
;;;;;;;;;;;;;;;;;;;;
;;;;;;;;;;;;;;;;;;;;
;;;;;;;;;;;;;;;;;;;;
;;;;;;;;;;;;;;;;;;;;
;;;;;;;;;;;;;;;;;;;;
;;;;;;;;;;;;;;;;;;;;
;;;;;;;;;;;;;;;;;;;;
;;;;;;;;;;;;;;;;;;;;
;;;;;;;;;;;;;;;;;;;;
;;;;;;;;;;;;;;;;;;;;
;;;;;;;;;;;;;;;;;;;;
;;;;;;;;;;;;;;;;;;;;
;;;;;;;;;;;;;;;;;;;;
;;;;;;;;;;;;;;;;;;;;
;;;;;;;;;;;;;;;;;;;;
;;;;;;;;;;;;;;;;;;;;
;;;;;;;;;;;;;;;;;;;;
;;;;;;;;;;;;;;;;;;;;
;;;;;;;;;;;;;;;;;;;;
;;;;;;;;;;;;;;;;;;;;
;;;;;;;;;;;;;;;;;;;;
;;;;;;;;;;;;;;;;;;;;
;;;;;;;;;;;;;;;;;;;;
;;;;;;;;;;;;;;;;;;;;
;;;;;;;;;;;;;;;;;;;;
;;;;;;;;;;;;;;;;;;;;
;;;;;;;;;;;;;;;;;;;;
;;;;;;;;;;;;;;;;;;;;
;;;;;;;;;;;;;;;;;;;;
;;;;;;;;;;;;;;;;;;;;
;;;;;;;;;;;;;;;;;;;;
;;;;;;;;;;;;;;;;;;;;
;;;;;;;;;;;;;;;;;;;;
;;;;;;;;;;;;;;;;;;;;
;;;;;;;;;;;;;;;;;;;;
;;;;;;;;;;;;;;;;;;;;
;;;;;;;;;;;;;;;;;;;;
;;;;;;;;;;;;;;;;;;;;
;;;;;;;;;;;;;;;;;;;;
;;;;;;;;;;;;;;;;;;;;
;;;;;;;;;;;;;;;;;;;;
;;;;;;;;;;;;;;;;;;;;
;;;;;;;;;;;;;;;;;;;;
;;;;;;;;;;;;;;;;;;;;
;;;;;;;;;;;;;;;;;;;;
;;;;;;;;;;;;;;;;;;;;
;;;;;;;;;;;;;;;;;;;;
;;;;;;;;;;;;;;;;;;;;
;;;;;;;;;;;;;;;;;;;;
;;;;;;;;;;;;;;;;;;;;
;;;;;;;;;;;;;;;;;;;;
;;;;;;;;;;;;;;;;;;;;
;;;;;;;;;;;;;;;;;;;;
;;;;;;;;;;;;;;;;;;;;
;;;;;;;;;;;;;;;;;;;;
;;;;;;;;;;;;;;;;;;;;
;;;;;;;;;;;;;;;;;;;;
;;;;;;;;;;;;;;;;;;;;
;;;;;;;;;;;;;;;;;;;;
;;;;;;;;;;;;;;;;;;;;
;;;;;;;;;;;;;;;;;;;;
;;;;;;;;;;;;;;;;;;;;
;;;;;;;;;;;;;;;;;;;;
;;;;;;;;;;;;;;;;;;;;
;;;;;;;;;;;;;;;;;;;;
;;;;;;;;;;;;;;;;;;;;
;;;;;;;;;;;;;;;;;;;;
;;;;;;;;;;;;;;;;;;;;
;;;;;;;;;;;;;;;;;;;;
;;;;;;;;;;;;;;;;;;;;
;;;;;;;;;;;;;;;;;;;;
;;;;;;;;;;;;;;;;;;;;
;;;;;;;;;;;;;;;;;;;;
;;;;;;;;;;;;;;;;;;;;
;;;;;;;;;;;;;;;;;;;;
;;;;;;;;;;;;;;;;;;;;
;;;;;;;;;;;;;;;;;;;;
;;;;;;;;;;;;;;;;;;;;
;;;;;;;;;;;;;;;;;;;;
;;;;;;;;;;;;;;;;;;;;
;;;;;;;;;;;;;;;;;;;;
;;;;;;;;;;;;;;;;;;;;
;;;;;;;;;;;;;;;;;;;;
;;;;;;;;;;;;;;;;;;;;
;;;;;;;;;;;;;;;;;;;;
;;;;;;;;;;;;;;;;;;;;
;;;;;;;;;;;;;;;;;;;;
;;;;;;;;;;;;;;;;;;;;
;;;;;;;;;;;;;;;;;;;;
;;;;;;;;;;;;;;;;;;;;
;;;;;;;;;;;;;;;;;;;;
;;;;;;;;;;;;;;;;;;;;
;;;;;;;;;;;;;;;;;;;;
;;;;;;;;;;;;;;;;;;;;
;;;;;;;;;;;;;;;;;;;;
;;;;;;;;;;;;;;;;;;;;
;;;;;;;;;;;;;;;;;;;;
;;;;;;;;;;;;;;;;;;;;
;;;;;;;;;;;;;;;;;;;;
;;;;;;;;;;;;;;;;;;;;
;;;;;;;;;;;;;;;;;;;;
;;;;;;;;;;;;;;;;;;;;
;;;;;;;;;;;;;;;;;;;;
;;;;;;;;;;;;;;;;;;;;
;;;;;;;;;;;;;;;;;;;;
;;;;;;;;;;;;;;;;;;;;
;;;;;;;;;;;;;;;;;;;;
;;;;;;;;;;;;;;;;;;;;
;;;;;;;;;;;;;;;;;;;;
;;;;;;;;;;;;;;;;;;;;
;;;;;;;;;;;;;;;;;;;;
;;;;;;;;;;;;;;;;;;;;
;;;;;;;;;;;;;;;;;;;;
;;;;;;;;;;;;;;;;;;;;
;;;;;;;;;;;;;;;;;;;;
;;;;;;;;;;;;;;;;;;;;
;;;;;;;;;;;;;;;;;;;;
;;;;;;;;;;;;;;;;;;;;
;;;;;;;;;;;;;;;;;;;;
;;;;;;;;;;;;;;;;;;;;
;;;;;;;;;;;;;;;;;;;;
;;;;;;;;;;;;;;;;;;;;
;;;;;;;;;;;;;;;;;;;;
;;;;;;;;;;;;;;;;;;;;
;;;;;;;;;;;;;;;;;;;;
;;;;;;;;;;;;;;;;;;;;
;;;;;;;;;;;;;;;;;;;;
;;;;;;;;;;;;;;;;;;;;
;;;;;;;;;;;;;;;;;;;;
;;;;;;;;;;;;;;;;;;;;
;;;;;;;;;;;;;;;;;;;;
;;;;;;;;;;;;;;;;;;;;
;;;;;;;;;;;;;;;;;;;;
;;;;;;;;;;;;;;;;;;;;
;;;;;;;;;;;;;;;;;;;;
;;;;;;;;;;;;;;;;;;;;
;;;;;;;;;;;;;;;;;;;;
;;;;;;;;;;;;;;;;;;;;
;;;;;;;;;;;;;;;;;;;;
;;;;;;;;;;;;;;;;;;;;
;;;;;;;;;;;;;;;;;;;;
;;;;;;;;;;;;;;;;;;;;
;;;;;;;;;;;;;;;;;;;;
;;;;;;;;;;;;;;;;;;;;
;;;;;;;;;;;;;;;;;;;;
;;;;;;;;;;;;;;;;;;;;
;;;;;;;;;;;;;;;;;;;;
;;;;;;;;;;;;;;;;;;;;
;;;;;;;;;;;;;;;;;;;;
;;;;;;;;;;;;;;;;;;;;
;;;;;;;;;;;;;;;;;;;;
;;;;;;;;;;;;;;;;;;;;
;;;;;;;;;;;;;;;;;;;;
;;;;;;;;;;;;;;;;;;;;
;;;;;;;;;;;;;;;;;;;;
;;;;;;;;;;;;;;;;;;;;
;;;;;;;;;;;;;;;;;;;;
;;;;;;;;;;;;;;;;;;;;
;;;;;;;;;;;;;;;;;;;;
;;;;;;;;;;;;;;;;;;;;
;;;;;;;;;;;;;;;;;;;;
;;;;;;;;;;;;;;;;;;;;
;;;;;;;;;;;;;;;;;;;;
;;;;;;;;;;;;;;;;;;;;
;;;;;;;;;;;;;;;;;;;;
;;;;;;;;;;;;;;;;;;;;
;;;;;;;;;;;;;;;;;;;;
;;;;;;;;;;;;;;;;;;;;
;;;;;;;;;;;;;;;;;;;;
;;;;;;;;;;;;;;;;;;;;
;;;;;;;;;;;;;;;;;;;;
;;;;;;;;;;;;;;;;;;;;
;;;;;;;;;;;;;;;;;;;;
;;;;;;;;;;;;;;;;;;;;
;;;;;;;;;;;;;;;;;;;;
;;;;;;;;;;;;;;;;;;;;
;;;;;;;;;;;;;;;;;;;;
;;;;;;;;;;;;;;;;;;;;
;;;;;;;;;;;;;;;;;;;;
;;;;;;;;;;;;;;;;;;;;
;;;;;;;;;;;;;;;;;;;;
;;;;;;;;;;;;;;;;;;;;
;;;;;;;;;;;;;;;;;;;;
;;;;;;;;;;;;;;;;;;;;
;;;;;;;;;;;;;;;;;;;;
;;;;;;;;;;;;;;;;;;;;
;;;;;;;;;;;;;;;;;;;;
;;;;;;;;;;;;;;;;;;;;
;;;;;;;;;;;;;;;;;;;;
;;;;;;;;;;;;;;;;;;;;
;;;;;;;;;;;;;;;;;;;;
;;;;;;;;;;;;;;;;;;;;
;;;;;;;;;;;;;;;;;;;;
;;;;;;;;;;;;;;;;;;;;
;;;;;;;;;;;;;;;;;;;;
;;;;;;;;;;;;;;;;;;;;
;;;;;;;;;;;;;;;;;;;;
;;;;;;;;;;;;;;;;;;;;
;;;;;;;;;;;;;;;;;;;;
;;;;;;;;;;;;;;;;;;;;
;;;;;;;;;;;;;;;;;;;;
;;;;;;;;;;;;;;;;;;;;
;;;;;;;;;;;;;;;;;;;;
;;;;;;;;;;;;;;;;;;;;
;;;;;;;;;;;;;;;;;;;;
;;;;;;;;;;;;;;;;;;;;
;;;;;;;;;;;;;;;;;;;;
;;;;;;;;;;;;;;;;;;;;
;;;;;;;;;;;;;;;;;;;;
;;;;;;;;;;;;;;;;;;;;
;;;;;;;;;;;;;;;;;;;;
;;;;;;;;;;;;;;;;;;;;
;;;;;;;;;;;;;;;;;;;;
;;;;;;;;;;;;;;;;;;;;
;;;;;;;;;;;;;;;;;;;;
;;;;;;;;;;;;;;;;;;;;
;;;;;;;;;;;;;;;;;;;;
;;;;;;;;;;;;;;;;;;;;
;;;;;;;;;;;;;;;;;;;;
;;;;;;;;;;;;;;;;;;;;
;;;;;;;;;;;;;;;;;;;;
;;;;;;;;;;;;;;;;;;;;
;;;;;;;;;;;;;;;;;;;;
;;;;;;;;;;;;;;;;;;;;
;;;;;;;;;;;;;;;;;;;;
;;;;;;;;;;;;;;;;;;;;
;;;;;;;;;;;;;;;;;;;;
;;;;;;;;;;;;;;;;;;;;
;;;;;;;;;;;;;;;;;;;;
;;;;;;;;;;;;;;;;;;;;
;;;;;;;;;;;;;;;;;;;;
;;;;;;;;;;;;;;;;;;;;
;;;;;;;;;;;;;;;;;;;;
;;;;;;;;;;;;;;;;;;;;
;;;;;;;;;;;;;;;;;;;;
;;;;;;;;;;;;;;;;;;;;
;;;;;;;;;;;;;;;;;;;;
;;;;;;;;;;;;;;;;;;;;
;;;;;;;;;;;;;;;;;;;;
;;;;;;;;;;;;;;;;;;;;
;;;;;;;;;;;;;;;;;;;;
;;;;;;;;;;;;;;;;;;;;
;;;;;;;;;;;;;;;;;;;;
;;;;;;;;;;;;;;;;;;;;
;;;;;;;;;;;;;;;;;;;;
;;;;;;;;;;;;;;;;;;;;
;;;;;;;;;;;;;;;;;;;;
;;;;;;;;;;;;;;;;;;;;
;;;;;;;;;;;;;;;;;;;;
;;;;;;;;;;;;;;;;;;;;
;;;;;;;;;;;;;;;;;;;;
;;;;;;;;;;;;;;;;;;;;
;;;;;;;;;;;;;;;;;;;;
;;;;;;;;;;;;;;;;;;;;
;;;;;;;;;;;;;;;;;;;;
;;;;;;;;;;;;;;;;;;;;
;;;;;;;;;;;;;;;;;;;;
;;;;;;;;;;;;;;;;;;;;
;;;;;;;;;;;;;;;;;;;;
;;;;;;;;;;;;;;;;;;;;
;;;;;;;;;;;;;;;;;;;;
;;;;;;;;;;;;;;;;;;;;
;;;;;;;;;;;;;;;;;;;;
;;;;;;;;;;;;;;;;;;;;
;;;;;;;;;;;;;;;;;;;;
;;;;;;;;;;;;;;;;;;;;
;;;;;;;;;;;;;;;;;;;;
;;;;;;;;;;;;;;;;;;;;
;;;;;;;;;;;;;;;;;;;;
;;;;;;;;;;;;;;;;;;;;
;;;;;;;;;;;;;;;;;;;;
;;;;;;;;;;;;;;;;;;;;
;;;;;;;;;;;;;;;;;;;;
;;;;;;;;;;;;;;;;;;;;
;;;;;;;;;;;;;;;;;;;;
;;;;;;;;;;;;;;;;;;;;
;;;;;;;;;;;;;;;;;;;;
;;;;;;;;;;;;;;;;;;;;
;;;;;;;;;;;;;;;;;;;;
;;;;;;;;;;;;;;;;;;;;
;;;;;;;;;;;;;;;;;;;;
;;;;;;;;;;;;;;;;;;;;
;;;;;;;;;;;;;;;;;;;;
;;;;;;;;;;;;;;;;;;;;
;;;;;;;;;;;;;;;;;;;;
;;;;;;;;;;;;;;;;;;;;
;;;;;;;;;;;;;;;;;;;;
;;;;;;;;;;;;;;;;;;;;
;;;;;;;;;;;;;;;;;;;;
;;;;;;;;;;;;;;;;;;;;
;;;;;;;;;;;;;;;;;;;;
;;;;;;;;;;;;;;;;;;;;
;;;;;;;;;;;;;;;;;;;;
;;;;;;;;;;;;;;;;;;;;
;;;;;;;;;;;;;;;;;;;;
;;;;;;;;;;;;;;;;;;;;
;;;;;;;;;;;;;;;;;;;;
;;;;;;;;;;;;;;;;;;;;
;;;;;;;;;;;;;;;;;;;;
;;;;;;;;;;;;;;;;;;;;
;;;;;;;;;;;;;;;;;;;;
;;;;;;;;;;;;;;;;;;;;
;;;;;;;;;;;;;;;;;;;;
;;;;;;;;;;;;;;;;;;;;
;;;;;;;;;;;;;;;;;;;;
;;;;;;;;;;;;;;;;;;;;
;;;;;;;;;;;;;;;;;;;;
;;;;;;;;;;;;;;;;;;;;
;;;;;;;;;;;;;;;;;;;;
;;;;;;;;;;;;;;;;;;;;
;;;;;;;;;;;;;;;;;;;;
;;;;;;;;;;;;;;;;;;;;
;;;;;;;;;;;;;;;;;;;;
;;;;;;;;;;;;;;;;;;;;
;;;;;;;;;;;;;;;;;;;;
;;;;;;;;;;;;;;;;;;;;
;;;;;;;;;;;;;;;;;;;;
;;;;;;;;;;;;;;;;;;;;
;;;;;;;;;;;;;;;;;;;;
;;;;;;;;;;;;;;;;;;;;
;;;;;;;;;;;;;;;;;;;;
;;;;;;;;;;;;;;;;;;;;
;;;;;;;;;;;;;;;;;;;;
;;;;;;;;;;;;;;;;;;;;
;;;;;;;;;;;;;;;;;;;;
;;;;;;;;;;;;;;;;;;;;
;;;;;;;;;;;;;;;;;;;;
;;;;;;;;;;;;;;;;;;;;
;;;;;;;;;;;;;;;;;;;;
;;;;;;;;;;;;;;;;;;;;
;;;;;;;;;;;;;;;;;;;;
;;;;;;;;;;;;;;;;;;;;
;;;;;;;;;;;;;;;;;;;;
;;;;;;;;;;;;;;;;;;;;
;;;;;;;;;;;;;;;;;;;;
;;;;;;;;;;;;;;;;;;;;
;;;;;;;;;;;;;;;;;;;;
;;;;;;;;;;;;;;;;;;;;
;;;;;;;;;;;;;;;;;;;;
;;;;;;;;;;;;;;;;;;;;
;;;;;;;;;;;;;;;;;;;;
;;;;;;;;;;;;;;;;;;;;
;;;;;;;;;;;;;;;;;;;;
;;;;;;;;;;;;;;;;;;;;
;;;;;;;;;;;;;;;;;;;;
;;;;;;;;;;;;;;;;;;;;
;;;;;;;;;;;;;;;;;;;;
;;;;;;;;;;;;;;;;;;;;
;;;;;;;;;;;;;;;;;;;;
;;;;;;;;;;;;;;;;;;;;
;;;;;;;;;;;;;;;;;;;;
;;;;;;;;;;;;;;;;;;;;
;;;;;;;;;;;;;;;;;;;;
;;;;;;;;;;;;;;;;;;;;
;;;;;;;;;;;;;;;;;;;;
;;;;;;;;;;;;;;;;;;;;
;;;;;;;;;;;;;;;;;;;;
;;;;;;;;;;;;;;;;;;;;
;;;;;;;;;;;;;;;;;;;;
;;;;;;;;;;;;;;;;;;;;
;;;;;;;;;;;;;;;;;;;;
;;;;;;;;;;;;;;;;;;;;
;;;;;;;;;;;;;;;;;;;;
;;;;;;;;;;;;;;;;;;;;
;;;;;;;;;;;;;;;;;;;;
;;;;;;;;;;;;;;;;;;;;
;;;;;;;;;;;;;;;;;;;;
;;;;;;;;;;;;;;;;;;;;
;;;;;;;;;;;;;;;;;;;;
;;;;;;;;;;;;;;;;;;;;
;;;;;;;;;;;;;;;;;;;;
;;;;;;;;;;;;;;;;;;;;
;;;;;;;;;;;;;;;;;;;;
;;;;;;;;;;;;;;;;;;;;
;;;;;;;;;;;;;;;;;;;;
;;;;;;;;;;;;;;;;;;;;
;;;;;;;;;;;;;;;;;;;;
;;;;;;;;;;;;;;;;;;;;
;;;;;;;;;;;;;;;;;;;;
;;;;;;;;;;;;;;;;;;;;
;;;;;;;;;;;;;;;;;;;;
;;;;;;;;;;;;;;;;;;;;
;;;;;;;;;;;;;;;;;;;;
;;;;;;;;;;;;;;;;;;;;
;;;;;;;;;;;;;;;;;;;;
;;;;;;;;;;;;;;;;;;;;
;;;;;;;;;;;;;;;;;;;;
;;;;;;;;;;;;;;;;;;;;
;;;;;;;;;;;;;;;;;;;;
;;;;;;;;;;;;;;;;;;;;
;;;;;;;;;;;;;;;;;;;;
;;;;;;;;;;;;;;;;;;;;
;;;;;;;;;;;;;;;;;;;;
;;;;;;;;;;;;;;;;;;;;
;;;;;;;;;;;;;;;;;;;;
;;;;;;;;;;;;;;;;;;;;
;;;;;;;;;;;;;;;;;;;;
;;;;;;;;;;;;;;;;;;;;
;;;;;;;;;;;;;;;;;;;;
;;;;;;;;;;;;;;;;;;;;
;;;;;;;;;;;;;;;;;;;;
;;;;;;;;;;;;;;;;;;;;
;;;;;;;;;;;;;;;;;;;;
;;;;;;;;;;;;;;;;;;;;
;;;;;;;;;;;;;;;;;;;;
;;;;;;;;;;;;;;;;;;;;
;;;;;;;;;;;;;;;;;;;;
;;;;;;;;;;;;;;;;;;;;
;;;;;;;;;;;;;;;;;;;;
;;;;;;;;;;;;;;;;;;;;
;;;;;;;;;;;;;;;;;;;;
;;;;;;;;;;;;;;;;;;;;
;;;;;;;;;;;;;;;;;;;;
;;;;;;;;;;;;;;;;;;;;
;;;;;;;;;;;;;;;;;;;;
;;;;;;;;;;;;;;;;;;;;
;;;;;;;;;;;;;;;;;;;;
;;;;;;;;;;;;;;;;;;;;
;;;;;;;;;;;;;;;;;;;;
;;;;;;;;;;;;;;;;;;;;
;;;;;;;;;;;;;;;;;;;;
;;;;;;;;;;;;;;;;;;;;
;;;;;;;;;;;;;;;;;;;;
;;;;;;;;;;;;;;;;;;;;
;;;;;;;;;;;;;;;;;;;;
;;;;;;;;;;;;;;;;;;;;
;;;;;;;;;;;;;;;;;;;;
;;;;;;;;;;;;;;;;;;;;
;;;;;;;;;;;;;;;;;;;;
;;;;;;;;;;;;;;;;;;;;
;;;;;;;;;;;;;;;;;;;;
;;;;;;;;;;;;;;;;;;;;
;;;;;;;;;;;;;;;;;;;;
;;;;;;;;;;;;;;;;;;;;
;;;;;;;;;;;;;;;;;;;;
;;;;;;;;;;;;;;;;;;;;
;;;;;;;;;;;;;;;;;;;;
;;;;;;;;;;;;;;;;;;;;
;;;;;;;;;;;;;;;;;;;;
;;;;;;;;;;;;;;;;;;;;
;;;;;;;;;;;;;;;;;;;;
;;;;;;;;;;;;;;;;;;;;
;;;;;;;;;;;;;;;;;;;;
;;;;;;;;;;;;;;;;;;;;
;;;;;;;;;;;;;;;;;;;;
;;;;;;;;;;;;;;;;;;;;
;;;;;;;;;;;;;;;;;;;;
;;;;;;;;;;;;;;;;;;;;
;;;;;;;;;;;;;;;;;;;;
;;;;;;;;;;;;;;;;;;;;
;;;;;;;;;;;;;;;;;;;;
;;;;;;;;;;;;;;;;;;;;
;;;;;;;;;;;;;;;;;;;;
;;;;;;;;;;;;;;;;;;;;
;;;;;;;;;;;;;;;;;;;;
;;;;;;;;;;;;;;;;;;;;
;;;;;;;;;;;;;;;;;;;;
;;;;;;;;;;;;;;;;;;;;
;;;;;;;;;;;;;;;;;;;;
;;;;;;;;;;;;;;;;;;;;
;;;;;;;;;;;;;;;;;;;;
;;;;;;;;;;;;;;;;;;;;
;;;;;;;;;;;;;;;;;;;;
;;;;;;;;;;;;;;;;;;;;
;;;;;;;;;;;;;;;;;;;;
;;;;;;;;;;;;;;;;;;;;
;;;;;;;;;;;;;;;;;;;;
;;;;;;;;;;;;;;;;;;;;
;;;;;;;;;;;;;;;;;;;;
;;;;;;;;;;;;;;;;;;;;
;;;;;;;;;;;;;;;;;;;;
;;;;;;;;;;;;;;;;;;;;
;;;;;;;;;;;;;;;;;;;;
;;;;;;;;;;;;;;;;;;;;
;;;;;;;;;;;;;;;;;;;;
;;;;;;;;;;;;;;;;;;;;
;;;;;;;;;;;;;;;;;;;;
;;;;;;;;;;;;;;;;;;;;
;;;;;;;;;;;;;;;;;;;;
;;;;;;;;;;;;;;;;;;;;
;;;;;;;;;;;;;;;;;;;;
;;;;;;;;;;;;;;;;;;;;
;;;;;;;;;;;;;;;;;;;;
;;;;;;;;;;;;;;;;;;;;
;;;;;;;;;;;;;;;;;;;;
;;;;;;;;;;;;;;;;;;;;
;;;;;;;;;;;;;;;;;;;;
;;;;;;;;;;;;;;;;;;;;
;;;;;;;;;;;;;;;;;;;;
;;;;;;;;;;;;;;;;;;;;
;;;;;;;;;;;;;;;;;;;;
;;;;;;;;;;;;;;;;;;;;
;;;;;;;;;;;;;;;;;;;;
;;;;;;;;;;;;;;;;;;;;
;;;;;;;;;;;;;;;;;;;;
;;;;;;;;;;;;;;;;;;;;
;;;;;;;;;;;;;;;;;;;;
;;;;;;;;;;;;;;;;;;;;
;;;;;;;;;;;;;;;;;;;;
;;;;;;;;;;;;;;;;;;;;
;;;;;;;;;;;;;;;;;;;;
;;;;;;;;;;;;;;;;;;;;
;;;;;;;;;;;;;;;;;;;;
;;;;;;;;;;;;;;;;;;;;
;;;;;;;;;;;;;;;;;;;;
;;;;;;;;;;;;;;;;;;;;
;;;;;;;;;;;;;;;;;;;;
;;;;;;;;;;;;;;;;;;;;
;;;;;;;;;;;;;;;;;;;;
;;;;;;;;;;;;;;;;;;;;
;;;;;;;;;;;;;;;;;;;;
;;;;;;;;;;;;;;;;;;;;
;;;;;;;;;;;;;;;;;;;;
;;;;;;;;;;;;;;;;;;;;
;;;;;;;;;;;;;;;;;;;;
;;;;;;;;;;;;;;;;;;;;
;;;;;;;;;;;;;;;;;;;;
;;;;;;;;;;;;;;;;;;;;
;;;;;;;;;;;;;;;;;;;;
;;;;;;;;;;;;;;;;;;;;
;;;;;;;;;;;;;;;;;;;;
;;;;;;;;;;;;;;;;;;;;
;;;;;;;;;;;;;;;;;;;;
;;;;;;;;;;;;;;;;;;;;
;;;;;;;;;;;;;;;;;;;;
;;;;;;;;;;;;;;;;;;;;
;;;;;;;;;;;;;;;;;;;;
;;;;;;;;;;;;;;;;;;;;
;;;;;;;;;;;;;;;;;;;;
;;;;;;;;;;;;;;;;;;;;
;;;;;;;;;;;;;;;;;;;;
;;;;;;;;;;;;;;;;;;;;
;;;;;;;;;;;;;;;;;;;;
;;;;;;;;;;;;;;;;;;;;
;;;;;;;;;;;;;;;;;;;;
;;;;;;;;;;;;;;;;;;;;
;;;;;;;;;;;;;;;;;;;;
;;;;;;;;;;;;;;;;;;;;
;;;;;;;;;;;;;;;;;;;;
;;;;;;;;;;;;;;;;;;;;
;;;;;;;;;;;;;;;;;;;;
;;;;;;;;;;;;;;;;;;;;
;;;;;;;;;;;;;;;;;;;;
;;;;;;;;;;;;;;;;;;;;
;;;;;;;;;;;;;;;;;;;;
;;;;;;;;;;;;;;;;;;;;
;;;;;;;;;;;;;;;;;;;;
;;;;;;;;;;;;;;;;;;;;
;;;;;;;;;;;;;;;;;;;;
;;;;;;;;;;;;;;;;;;;;
;;;;;;;;;;;;;;;;;;;;
;;;;;;;;;;;;;;;;;;;;
;;;;;;;;;;;;;;;;;;;;
;;;;;;;;;;;;;;;;;;;;
;;;;;;;;;;;;;;;;;;;;
;;;;;;;;;;;;;;;;;;;;
;;;;;;;;;;;;;;;;;;;;
;;;;;;;;;;;;;;;;;;;;
;;;;;;;;;;;;;;;;;;;;
;;;;;;;;;;;;;;;;;;;;
;;;;;;;;;;;;;;;;;;;;
;;;;;;;;;;;;;;;;;;;;
;;;;;;;;;;;;;;;;;;;;
;;;;;;;;;;;;;;;;;;;;
;;;;;;;;;;;;;;;;;;;;
;;;;;;;;;;;;;;;;;;;;
;;;;;;;;;;;;;;;;;;;;
;;;;;;;;;;;;;;;;;;;;
;;;;;;;;;;;;;;;;;;;;
;;;;;;;;;;;;;;;;;;;;
;;;;;;;;;;;;;;;;;;;;
;;;;;;;;;;;;;;;;;;;;
;;;;;;;;;;;;;;;;;;;;
;;;;;;;;;;;;;;;;;;;;
;;;;;;;;;;;;;;;;;;;;
;;;;;;;;;;;;;;;;;;;;
;;;;;;;;;;;;;;;;;;;;
;;;;;;;;;;;;;;;;;;;;
;;;;;;;;;;;;;;;;;;;;
;;;;;;;;;;;;;;;;;;;;
;;;;;;;;;;;;;;;;;;;;
;;;;;;;;;;;;;;;;;;;;
;;;;;;;;;;;;;;;;;;;;
;;;;;;;;;;;;;;;;;;;;
;;;;;;;;;;;;;;;;;;;;
;;;;;;;;;;;;;;;;;;;;
;;;;;;;;;;;;;;;;;;;;
;;;;;;;;;;;;;;;;;;;;
;;;;;;;;;;;;;;;;;;;;
;;;;;;;;;;;;;;;;;;;;
;;;;;;;;;;;;;;;;;;;;
;;;;;;;;;;;;;;;;;;;;
;;;;;;;;;;;;;;;;;;;;
;;;;;;;;;;;;;;;;;;;;
;;;;;;;;;;;;;;;;;;;;
;;;;;;;;;;;;;;;;;;;;
;;;;;;;;;;;;;;;;;;;;
;;;;;;;;;;;;;;;;;;;;
;;;;;;;;;;;;;;;;;;;;
;;;;;;;;;;;;;;;;;;;;
;;;;;;;;;;;;;;;;;;;;
;;;;;;;;;;;;;;;;;;;;
;;;;;;;;;;;;;;;;;;;;
;;;;;;;;;;;;;;;;;;;;
;;;;;;;;;;;;;;;;;;;;
;;;;;;;;;;;;;;;;;;;;
;;;;;;;;;;;;;;;;;;;;
;;;;;;;;;;;;;;;;;;;;
;;;;;;;;;;;;;;;;;;;;
;;;;;;;;;;;;;;;;;;;;
;;;;;;;;;;;;;;;;;;;;
;;;;;;;;;;;;;;;;;;;;
;;;;;;;;;;;;;;;;;;;;
;;;;;;;;;;;;;;;;;;;;
;;;;;;;;;;;;;;;;;;;;
;;;;;;;;;;;;;;;;;;;;
;;;;;;;;;;;;;;;;;;;;
;;;;;;;;;;;;;;;;;;;;
;;;;;;;;;;;;;;;;;;;;
;;;;;;;;;;;;;;;;;;;;
;;;;;;;;;;;;;;;;;;;;
;;;;;;;;;;;;;;;;;;;;
;;;;;;;;;;;;;;;;;;;;
;;;;;;;;;;;;;;;;;;;;
;;;;;;;;;;;;;;;;;;;;
;;;;;;;;;;;;;;;;;;;;
;;;;;;;;;;;;;;;;;;;;
;;;;;;;;;;;;;;;;;;;;
;;;;;;;;;;;;;;;;;;;;
;;;;;;;;;;;;;;;;;;;;
;;;;;;;;;;;;;;;;;;;;
;;;;;;;;;;;;;;;;;;;;
;;;;;;;;;;;;;;;;;;;;
;;;;;;;;;;;;;;;;;;;;
;;;;;;;;;;;;;;;;;;;;
;;;;;;;;;;;;;;;;;;;;
;;;;;;;;;;;;;;;;;;;;
;;;;;;;;;;;;;;;;;;;;
;;;;;;;;;;;;;;;;;;;;
;;;;;;;;;;;;;;;;;;;;
;;;;;;;;;;;;;;;;;;;;
;;;;;;;;;;;;;;;;;;;;
;;;;;;;;;;;;;;;;;;;;
;;;;;;;;;;;;;;;;;;;;
;;;;;;;;;;;;;;;;;;;;
;;;;;;;;;;;;;;;;;;;;
;;;;;;;;;;;;;;;;;;;;
;;;;;;;;;;;;;;;;;;;;
;;;;;;;;;;;;;;;;;;;;
;;;;;;;;;;;;;;;;;;;;
;;;;;;;;;;;;;;;;;;;;
;;;;;;;;;;;;;;;;;;;;
;;;;;;;;;;;;;;;;;;;;
;;;;;;;;;;;;;;;;;;;;
;;;;;;;;;;;;;;;;;;;;
;;;;;;;;;;;;;;;;;;;;
;;;;;;;;;;;;;;;;;;;;
;;;;;;;;;;;;;;;;;;;;
;;;;;;;;;;;;;;;;;;;;
;;;;;;;;;;;;;;;;;;;;
;;;;;;;;;;;;;;;;;;;;
;;;;;;;;;;;;;;;;;;;;
;;;;;;;;;;;;;;;;;;;;
;;;;;;;;;;;;;;;;;;;;
;;;;;;;;;;;;;;;;;;;;
;;;;;;;;;;;;;;;;;;;;
;;;;;;;;;;;;;;;;;;;;
;;;;;;;;;;;;;;;;;;;;
;;;;;;;;;;;;;;;;;;;;
;;;;;;;;;;;;;;;;;;;;
;;;;;;;;;;;;;;;;;;;;
;;;;;;;;;;;;;;;;;;;;
;;;;;;;;;;;;;;;;;;;;
;;;;;;;;;;;;;;;;;;;;
;;;;;;;;;;;;;;;;;;;;
;;;;;;;;;;;;;;;;;;;;
;;;;;;;;;;;;;;;;;;;;
;;;;;;;;;;;;;;;;;;;;
;;;;;;;;;;;;;;;;;;;;
;;;;;;;;;;;;;;;;;;;;
;;;;;;;;;;;;;;;;;;;;
;;;;;;;;;;;;;;;;;;;;
;;;;;;;;;;;;;;;;;;;;
;;;;;;;;;;;;;;;;;;;;
;;;;;;;;;;;;;;;;;;;;
;;;;;;;;;;;;;;;;;;;;
;;;;;;;;;;;;;;;;;;;;
;;;;;;;;;;;;;;;;;;;;
;;;;;;;;;;;;;;;;;;;;
;;;;;;;;;;;;;;;;;;;;
;;;;;;;;;;;;;;;;;;;;
;;;;;;;;;;;;;;;;;;;;
;;;;;;;;;;;;;;;;;;;;
;;;;;;;;;;;;;;;;;;;;
;;;;;;;;;;;;;;;;;;;;
;;;;;;;;;;;;;;;;;;;;
;;;;;;;;;;;;;;;;;;;;
;;;;;;;;;;;;;;;;;;;;
;;;;;;;;;;;;;;;;;;;;
;;;;;;;;;;;;;;;;;;;;
;;;;;;;;;;;;;;;;;;;;
;;;;;;;;;;;;;;;;;;;;
;;;;;;;;;;;;;;;;;;;;
;;;;;;;;;;;;;;;;;;;;
;;;;;;;;;;;;;;;;;;;;
;;;;;;;;;;;;;;;;;;;;
;;;;;;;;;;;;;;;;;;;;
;;;;;;;;;;;;;;;;;;;;
;;;;;;;;;;;;;;;;;;;;
;;;;;;;;;;;;;;;;;;;;
;;;;;;;;;;;;;;;;;;;;
;;;;;;;;;;;;;;;;;;;;
;;;;;;;;;;;;;;;;;;;;
;;;;;;;;;;;;;;;;;;;;
;;;;;;;;;;;;;;;;;;;;
;;;;;;;;;;;;;;;;;;;;
;;;;;;;;;;;;;;;;;;;;
;;;;;;;;;;;;;;;;;;;;
;;;;;;;;;;;;;;;;;;;;
;;;;;;;;;;;;;;;;;;;;